cards,rank,hand_class
TC JC QC KC AC,1,ROYAL_FLUSH
9C TC JC QC KC,2,STRAIGHT_FLUSH
8C 9C TC JC QC,3,STRAIGHT_FLUSH
7C 8C 9C TC JC,4,STRAIGHT_FLUSH
6C 7C 8C 9C TC,5,STRAIGHT_FLUSH
5C 6C 7C 8C 9C,6,STRAIGHT_FLUSH
4C 5C 6C 7C 8C,7,STRAIGHT_FLUSH
3C 4C 5C 6C 7C,8,STRAIGHT_FLUSH
2C 3C 4C 5C 6C,9,STRAIGHT_FLUSH
2C 3C 4C 5C AC,10,STRAIGHT_FLUSH
KC AC AD AH AS,11,QUADS
QC AC AD AH AS,12,QUADS
JC AC AD AH AS,13,QUADS
TC AC AD AH AS,14,QUADS
9C AC AD AH AS,15,QUADS
8C AC AD AH AS,16,QUADS
7C AC AD AH AS,17,QUADS
6C AC AD AH AS,18,QUADS
5C AC AD AH AS,19,QUADS
4C AC AD AH AS,20,QUADS
3C AC AD AH AS,21,QUADS
2C AC AD AH AS,22,QUADS
KC KD KH KS AC,23,QUADS
QC KC KD KH KS,24,QUADS
JC KC KD KH KS,25,QUADS
TC KC KD KH KS,26,QUADS
9C KC KD KH KS,27,QUADS
8C KC KD KH KS,28,QUADS
7C KC KD KH KS,29,QUADS
6C KC KD KH KS,30,QUADS
5C KC KD KH KS,31,QUADS
4C KC KD KH KS,32,QUADS
3C KC KD KH KS,33,QUADS
2C KC KD KH KS,34,QUADS
QC QD QH QS AC,35,QUADS
QC QD QH QS KC,36,QUADS
JC QC QD QH QS,37,QUADS
TC QC QD QH QS,38,QUADS
9C QC QD QH QS,39,QUADS
8C QC QD QH QS,40,QUADS
7C QC QD QH QS,41,QUADS
6C QC QD QH QS,42,QUADS
5C QC QD QH QS,43,QUADS
4C QC QD QH QS,44,QUADS
3C QC QD QH QS,45,QUADS
2C QC QD QH QS,46,QUADS
JC JD JH JS AC,47,QUADS
JC JD JH JS KC,48,QUADS
JC JD JH JS QC,49,QUADS
TC JC JD JH JS,50,QUADS
9C JC JD JH JS,51,QUADS
8C JC JD JH JS,52,QUADS
7C JC JD JH JS,53,QUADS
6C JC JD JH JS,54,QUADS
5C JC JD JH JS,55,QUADS
4C JC JD JH JS,56,QUADS
3C JC JD JH JS,57,QUADS
2C JC JD JH JS,58,QUADS
TC TD TH TS AC,59,QUADS
TC TD TH TS KC,60,QUADS
TC TD TH TS QC,61,QUADS
TC TD TH TS JC,62,QUADS
9C TC TD TH TS,63,QUADS
8C TC TD TH TS,64,QUADS
7C TC TD TH TS,65,QUADS
6C TC TD TH TS,66,QUADS
5C TC TD TH TS,67,QUADS
4C TC TD TH TS,68,QUADS
3C TC TD TH TS,69,QUADS
2C TC TD TH TS,70,QUADS
9C 9D 9H 9S AC,71,QUADS
9C 9D 9H 9S KC,72,QUADS
9C 9D 9H 9S QC,73,QUADS
9C 9D 9H 9S JC,74,QUADS
9C 9D 9H 9S TC,75,QUADS
8C 9C 9D 9H 9S,76,QUADS
7C 9C 9D 9H 9S,77,QUADS
6C 9C 9D 9H 9S,78,QUADS
5C 9C 9D 9H 9S,79,QUADS
4C 9C 9D 9H 9S,80,QUADS
3C 9C 9D 9H 9S,81,QUADS
2C 9C 9D 9H 9S,82,QUADS
8C 8D 8H 8S AC,83,QUADS
8C 8D 8H 8S KC,84,QUADS
8C 8D 8H 8S QC,85,QUADS
8C 8D 8H 8S JC,86,QUADS
8C 8D 8H 8S TC,87,QUADS
8C 8D 8H 8S 9C,88,QUADS
7C 8C 8D 8H 8S,89,QUADS
6C 8C 8D 8H 8S,90,QUADS
5C 8C 8D 8H 8S,91,QUADS
4C 8C 8D 8H 8S,92,QUADS
3C 8C 8D 8H 8S,93,QUADS
2C 8C 8D 8H 8S,94,QUADS
7C 7D 7H 7S AC,95,QUADS
7C 7D 7H 7S KC,96,QUADS
7C 7D 7H 7S QC,97,QUADS
7C 7D 7H 7S JC,98,QUADS
7C 7D 7H 7S TC,99,QUADS
7C 7D 7H 7S 9C,100,QUADS
7C 7D 7H 7S 8C,101,QUADS
6C 7C 7D 7H 7S,102,QUADS
5C 7C 7D 7H 7S,103,QUADS
4C 7C 7D 7H 7S,104,QUADS
3C 7C 7D 7H 7S,105,QUADS
2C 7C 7D 7H 7S,106,QUADS
6C 6D 6H 6S AC,107,QUADS
6C 6D 6H 6S KC,108,QUADS
6C 6D 6H 6S QC,109,QUADS
6C 6D 6H 6S JC,110,QUADS
6C 6D 6H 6S TC,111,QUADS
6C 6D 6H 6S 9C,112,QUADS
6C 6D 6H 6S 8C,113,QUADS
6C 6D 6H 6S 7C,114,QUADS
5C 6C 6D 6H 6S,115,QUADS
4C 6C 6D 6H 6S,116,QUADS
3C 6C 6D 6H 6S,117,QUADS
2C 6C 6D 6H 6S,118,QUADS
5C 5D 5H 5S AC,119,QUADS
5C 5D 5H 5S KC,120,QUADS
5C 5D 5H 5S QC,121,QUADS
5C 5D 5H 5S JC,122,QUADS
5C 5D 5H 5S TC,123,QUADS
5C 5D 5H 5S 9C,124,QUADS
5C 5D 5H 5S 8C,125,QUADS
5C 5D 5H 5S 7C,126,QUADS
5C 5D 5H 5S 6C,127,QUADS
4C 5C 5D 5H 5S,128,QUADS
3C 5C 5D 5H 5S,129,QUADS
2C 5C 5D 5H 5S,130,QUADS
4C 4D 4H 4S AC,131,QUADS
4C 4D 4H 4S KC,132,QUADS
4C 4D 4H 4S QC,133,QUADS
4C 4D 4H 4S JC,134,QUADS
4C 4D 4H 4S TC,135,QUADS
4C 4D 4H 4S 9C,136,QUADS
4C 4D 4H 4S 8C,137,QUADS
4C 4D 4H 4S 7C,138,QUADS
4C 4D 4H 4S 6C,139,QUADS
4C 4D 4H 4S 5C,140,QUADS
3C 4C 4D 4H 4S,141,QUADS
2C 4C 4D 4H 4S,142,QUADS
3C 3D 3H 3S AC,143,QUADS
3C 3D 3H 3S KC,144,QUADS
3C 3D 3H 3S QC,145,QUADS
3C 3D 3H 3S JC,146,QUADS
3C 3D 3H 3S TC,147,QUADS
3C 3D 3H 3S 9C,148,QUADS
3C 3D 3H 3S 8C,149,QUADS
3C 3D 3H 3S 7C,150,QUADS
3C 3D 3H 3S 6C,151,QUADS
3C 3D 3H 3S 5C,152,QUADS
3C 3D 3H 3S 4C,153,QUADS
2C 3C 3D 3H 3S,154,QUADS
2C 2D 2H 2S AC,155,QUADS
2C 2D 2H 2S KC,156,QUADS
2C 2D 2H 2S QC,157,QUADS
2C 2D 2H 2S JC,158,QUADS
2C 2D 2H 2S TC,159,QUADS
2C 2D 2H 2S 9C,160,QUADS
2C 2D 2H 2S 8C,161,QUADS
2C 2D 2H 2S 7C,162,QUADS
2C 2D 2H 2S 6C,163,QUADS
2C 2D 2H 2S 5C,164,QUADS
2C 2D 2H 2S 4C,165,QUADS
2C 2D 2H 2S 3C,166,QUADS
KC KD AC AD AH,167,FULL_HOUSE
QC QD AC AD AH,168,FULL_HOUSE
JC JD AC AD AH,169,FULL_HOUSE
TC TD AC AD AH,170,FULL_HOUSE
9C 9D AC AD AH,171,FULL_HOUSE
8C 8D AC AD AH,172,FULL_HOUSE
7C 7D AC AD AH,173,FULL_HOUSE
6C 6D AC AD AH,174,FULL_HOUSE
5C 5D AC AD AH,175,FULL_HOUSE
4C 4D AC AD AH,176,FULL_HOUSE
3C 3D AC AD AH,177,FULL_HOUSE
2C 2D AC AD AH,178,FULL_HOUSE
KC KD KH AC AD,179,FULL_HOUSE
QC QD KC KD KH,180,FULL_HOUSE
JC JD KC KD KH,181,FULL_HOUSE
TC TD KC KD KH,182,FULL_HOUSE
9C 9D KC KD KH,183,FULL_HOUSE
8C 8D KC KD KH,184,FULL_HOUSE
7C 7D KC KD KH,185,FULL_HOUSE
6C 6D KC KD KH,186,FULL_HOUSE
5C 5D KC KD KH,187,FULL_HOUSE
4C 4D KC KD KH,188,FULL_HOUSE
3C 3D KC KD KH,189,FULL_HOUSE
2C 2D KC KD KH,190,FULL_HOUSE
QC QD QH AC AD,191,FULL_HOUSE
QC QD QH KC KD,192,FULL_HOUSE
JC JD QC QD QH,193,FULL_HOUSE
TC TD QC QD QH,194,FULL_HOUSE
9C 9D QC QD QH,195,FULL_HOUSE
8C 8D QC QD QH,196,FULL_HOUSE
7C 7D QC QD QH,197,FULL_HOUSE
6C 6D QC QD QH,198,FULL_HOUSE
5C 5D QC QD QH,199,FULL_HOUSE
4C 4D QC QD QH,200,FULL_HOUSE
3C 3D QC QD QH,201,FULL_HOUSE
2C 2D QC QD QH,202,FULL_HOUSE
JC JD JH AC AD,203,FULL_HOUSE
JC JD JH KC KD,204,FULL_HOUSE
JC JD JH QC QD,205,FULL_HOUSE
TC TD JC JD JH,206,FULL_HOUSE
9C 9D JC JD JH,207,FULL_HOUSE
8C 8D JC JD JH,208,FULL_HOUSE
7C 7D JC JD JH,209,FULL_HOUSE
6C 6D JC JD JH,210,FULL_HOUSE
5C 5D JC JD JH,211,FULL_HOUSE
4C 4D JC JD JH,212,FULL_HOUSE
3C 3D JC JD JH,213,FULL_HOUSE
2C 2D JC JD JH,214,FULL_HOUSE
TC TD TH AC AD,215,FULL_HOUSE
TC TD TH KC KD,216,FULL_HOUSE
TC TD TH QC QD,217,FULL_HOUSE
TC TD TH JC JD,218,FULL_HOUSE
9C 9D TC TD TH,219,FULL_HOUSE
8C 8D TC TD TH,220,FULL_HOUSE
7C 7D TC TD TH,221,FULL_HOUSE
6C 6D TC TD TH,222,FULL_HOUSE
5C 5D TC TD TH,223,FULL_HOUSE
4C 4D TC TD TH,224,FULL_HOUSE
3C 3D TC TD TH,225,FULL_HOUSE
2C 2D TC TD TH,226,FULL_HOUSE
9C 9D 9H AC AD,227,FULL_HOUSE
9C 9D 9H KC KD,228,FULL_HOUSE
9C 9D 9H QC QD,229,FULL_HOUSE
9C 9D 9H JC JD,230,FULL_HOUSE
9C 9D 9H TC TD,231,FULL_HOUSE
8C 8D 9C 9D 9H,232,FULL_HOUSE
7C 7D 9C 9D 9H,233,FULL_HOUSE
6C 6D 9C 9D 9H,234,FULL_HOUSE
5C 5D 9C 9D 9H,235,FULL_HOUSE
4C 4D 9C 9D 9H,236,FULL_HOUSE
3C 3D 9C 9D 9H,237,FULL_HOUSE
2C 2D 9C 9D 9H,238,FULL_HOUSE
8C 8D 8H AC AD,239,FULL_HOUSE
8C 8D 8H KC KD,240,FULL_HOUSE
8C 8D 8H QC QD,241,FULL_HOUSE
8C 8D 8H JC JD,242,FULL_HOUSE
8C 8D 8H TC TD,243,FULL_HOUSE
8C 8D 8H 9C 9D,244,FULL_HOUSE
7C 7D 8C 8D 8H,245,FULL_HOUSE
6C 6D 8C 8D 8H,246,FULL_HOUSE
5C 5D 8C 8D 8H,247,FULL_HOUSE
4C 4D 8C 8D 8H,248,FULL_HOUSE
3C 3D 8C 8D 8H,249,FULL_HOUSE
2C 2D 8C 8D 8H,250,FULL_HOUSE
7C 7D 7H AC AD,251,FULL_HOUSE
7C 7D 7H KC KD,252,FULL_HOUSE
7C 7D 7H QC QD,253,FULL_HOUSE
7C 7D 7H JC JD,254,FULL_HOUSE
7C 7D 7H TC TD,255,FULL_HOUSE
7C 7D 7H 9C 9D,256,FULL_HOUSE
7C 7D 7H 8C 8D,257,FULL_HOUSE
6C 6D 7C 7D 7H,258,FULL_HOUSE
5C 5D 7C 7D 7H,259,FULL_HOUSE
4C 4D 7C 7D 7H,260,FULL_HOUSE
3C 3D 7C 7D 7H,261,FULL_HOUSE
2C 2D 7C 7D 7H,262,FULL_HOUSE
6C 6D 6H AC AD,263,FULL_HOUSE
6C 6D 6H KC KD,264,FULL_HOUSE
6C 6D 6H QC QD,265,FULL_HOUSE
6C 6D 6H JC JD,266,FULL_HOUSE
6C 6D 6H TC TD,267,FULL_HOUSE
6C 6D 6H 9C 9D,268,FULL_HOUSE
6C 6D 6H 8C 8D,269,FULL_HOUSE
6C 6D 6H 7C 7D,270,FULL_HOUSE
5C 5D 6C 6D 6H,271,FULL_HOUSE
4C 4D 6C 6D 6H,272,FULL_HOUSE
3C 3D 6C 6D 6H,273,FULL_HOUSE
2C 2D 6C 6D 6H,274,FULL_HOUSE
5C 5D 5H AC AD,275,FULL_HOUSE
5C 5D 5H KC KD,276,FULL_HOUSE
5C 5D 5H QC QD,277,FULL_HOUSE
5C 5D 5H JC JD,278,FULL_HOUSE
5C 5D 5H TC TD,279,FULL_HOUSE
5C 5D 5H 9C 9D,280,FULL_HOUSE
5C 5D 5H 8C 8D,281,FULL_HOUSE
5C 5D 5H 7C 7D,282,FULL_HOUSE
5C 5D 5H 6C 6D,283,FULL_HOUSE
4C 4D 5C 5D 5H,284,FULL_HOUSE
3C 3D 5C 5D 5H,285,FULL_HOUSE
2C 2D 5C 5D 5H,286,FULL_HOUSE
4C 4D 4H AC AD,287,FULL_HOUSE
4C 4D 4H KC KD,288,FULL_HOUSE
4C 4D 4H QC QD,289,FULL_HOUSE
4C 4D 4H JC JD,290,FULL_HOUSE
4C 4D 4H TC TD,291,FULL_HOUSE
4C 4D 4H 9C 9D,292,FULL_HOUSE
4C 4D 4H 8C 8D,293,FULL_HOUSE
4C 4D 4H 7C 7D,294,FULL_HOUSE
4C 4D 4H 6C 6D,295,FULL_HOUSE
4C 4D 4H 5C 5D,296,FULL_HOUSE
3C 3D 4C 4D 4H,297,FULL_HOUSE
2C 2D 4C 4D 4H,298,FULL_HOUSE
3C 3D 3H AC AD,299,FULL_HOUSE
3C 3D 3H KC KD,300,FULL_HOUSE
3C 3D 3H QC QD,301,FULL_HOUSE
3C 3D 3H JC JD,302,FULL_HOUSE
3C 3D 3H TC TD,303,FULL_HOUSE
3C 3D 3H 9C 9D,304,FULL_HOUSE
3C 3D 3H 8C 8D,305,FULL_HOUSE
3C 3D 3H 7C 7D,306,FULL_HOUSE
3C 3D 3H 6C 6D,307,FULL_HOUSE
3C 3D 3H 5C 5D,308,FULL_HOUSE
3C 3D 3H 4C 4D,309,FULL_HOUSE
2C 2D 3C 3D 3H,310,FULL_HOUSE
2C 2D 2H AC AD,311,FULL_HOUSE
2C 2D 2H KC KD,312,FULL_HOUSE
2C 2D 2H QC QD,313,FULL_HOUSE
2C 2D 2H JC JD,314,FULL_HOUSE
2C 2D 2H TC TD,315,FULL_HOUSE
2C 2D 2H 9C 9D,316,FULL_HOUSE
2C 2D 2H 8C 8D,317,FULL_HOUSE
2C 2D 2H 7C 7D,318,FULL_HOUSE
2C 2D 2H 6C 6D,319,FULL_HOUSE
2C 2D 2H 5C 5D,320,FULL_HOUSE
2C 2D 2H 4C 4D,321,FULL_HOUSE
2C 2D 2H 3C 3D,322,FULL_HOUSE
9C JC QC KC AC,323,FLUSH
8C JC QC KC AC,324,FLUSH
7C JC QC KC AC,325,FLUSH
6C JC QC KC AC,326,FLUSH
5C JC QC KC AC,327,FLUSH
4C JC QC KC AC,328,FLUSH
3C JC QC KC AC,329,FLUSH
2C JC QC KC AC,330,FLUSH
9C TC QC KC AC,331,FLUSH
8C TC QC KC AC,332,FLUSH
7C TC QC KC AC,333,FLUSH
6C TC QC KC AC,334,FLUSH
5C TC QC KC AC,335,FLUSH
4C TC QC KC AC,336,FLUSH
3C TC QC KC AC,337,FLUSH
2C TC QC KC AC,338,FLUSH
8C 9C QC KC AC,339,FLUSH
7C 9C QC KC AC,340,FLUSH
6C 9C QC KC AC,341,FLUSH
5C 9C QC KC AC,342,FLUSH
4C 9C QC KC AC,343,FLUSH
3C 9C QC KC AC,344,FLUSH
2C 9C QC KC AC,345,FLUSH
7C 8C QC KC AC,346,FLUSH
6C 8C QC KC AC,347,FLUSH
5C 8C QC KC AC,348,FLUSH
4C 8C QC KC AC,349,FLUSH
3C 8C QC KC AC,350,FLUSH
2C 8C QC KC AC,351,FLUSH
6C 7C QC KC AC,352,FLUSH
5C 7C QC KC AC,353,FLUSH
4C 7C QC KC AC,354,FLUSH
3C 7C QC KC AC,355,FLUSH
2C 7C QC KC AC,356,FLUSH
5C 6C QC KC AC,357,FLUSH
4C 6C QC KC AC,358,FLUSH
3C 6C QC KC AC,359,FLUSH
2C 6C QC KC AC,360,FLUSH
4C 5C QC KC AC,361,FLUSH
3C 5C QC KC AC,362,FLUSH
2C 5C QC KC AC,363,FLUSH
3C 4C QC KC AC,364,FLUSH
2C 4C QC KC AC,365,FLUSH
2C 3C QC KC AC,366,FLUSH
9C TC JC KC AC,367,FLUSH
8C TC JC KC AC,368,FLUSH
7C TC JC KC AC,369,FLUSH
6C TC JC KC AC,370,FLUSH
5C TC JC KC AC,371,FLUSH
4C TC JC KC AC,372,FLUSH
3C TC JC KC AC,373,FLUSH
2C TC JC KC AC,374,FLUSH
8C 9C JC KC AC,375,FLUSH
7C 9C JC KC AC,376,FLUSH
6C 9C JC KC AC,377,FLUSH
5C 9C JC KC AC,378,FLUSH
4C 9C JC KC AC,379,FLUSH
3C 9C JC KC AC,380,FLUSH
2C 9C JC KC AC,381,FLUSH
7C 8C JC KC AC,382,FLUSH
6C 8C JC KC AC,383,FLUSH
5C 8C JC KC AC,384,FLUSH
4C 8C JC KC AC,385,FLUSH
3C 8C JC KC AC,386,FLUSH
2C 8C JC KC AC,387,FLUSH
6C 7C JC KC AC,388,FLUSH
5C 7C JC KC AC,389,FLUSH
4C 7C JC KC AC,390,FLUSH
3C 7C JC KC AC,391,FLUSH
2C 7C JC KC AC,392,FLUSH
5C 6C JC KC AC,393,FLUSH
4C 6C JC KC AC,394,FLUSH
3C 6C JC KC AC,395,FLUSH
2C 6C JC KC AC,396,FLUSH
4C 5C JC KC AC,397,FLUSH
3C 5C JC KC AC,398,FLUSH
2C 5C JC KC AC,399,FLUSH
3C 4C JC KC AC,400,FLUSH
2C 4C JC KC AC,401,FLUSH
2C 3C JC KC AC,402,FLUSH
8C 9C TC KC AC,403,FLUSH
7C 9C TC KC AC,404,FLUSH
6C 9C TC KC AC,405,FLUSH
5C 9C TC KC AC,406,FLUSH
4C 9C TC KC AC,407,FLUSH
3C 9C TC KC AC,408,FLUSH
2C 9C TC KC AC,409,FLUSH
7C 8C TC KC AC,410,FLUSH
6C 8C TC KC AC,411,FLUSH
5C 8C TC KC AC,412,FLUSH
4C 8C TC KC AC,413,FLUSH
3C 8C TC KC AC,414,FLUSH
2C 8C TC KC AC,415,FLUSH
6C 7C TC KC AC,416,FLUSH
5C 7C TC KC AC,417,FLUSH
4C 7C TC KC AC,418,FLUSH
3C 7C TC KC AC,419,FLUSH
2C 7C TC KC AC,420,FLUSH
5C 6C TC KC AC,421,FLUSH
4C 6C TC KC AC,422,FLUSH
3C 6C TC KC AC,423,FLUSH
2C 6C TC KC AC,424,FLUSH
4C 5C TC KC AC,425,FLUSH
3C 5C TC KC AC,426,FLUSH
2C 5C TC KC AC,427,FLUSH
3C 4C TC KC AC,428,FLUSH
2C 4C TC KC AC,429,FLUSH
2C 3C TC KC AC,430,FLUSH
7C 8C 9C KC AC,431,FLUSH
6C 8C 9C KC AC,432,FLUSH
5C 8C 9C KC AC,433,FLUSH
4C 8C 9C KC AC,434,FLUSH
3C 8C 9C KC AC,435,FLUSH
2C 8C 9C KC AC,436,FLUSH
6C 7C 9C KC AC,437,FLUSH
5C 7C 9C KC AC,438,FLUSH
4C 7C 9C KC AC,439,FLUSH
3C 7C 9C KC AC,440,FLUSH
2C 7C 9C KC AC,441,FLUSH
5C 6C 9C KC AC,442,FLUSH
4C 6C 9C KC AC,443,FLUSH
3C 6C 9C KC AC,444,FLUSH
2C 6C 9C KC AC,445,FLUSH
4C 5C 9C KC AC,446,FLUSH
3C 5C 9C KC AC,447,FLUSH
2C 5C 9C KC AC,448,FLUSH
3C 4C 9C KC AC,449,FLUSH
2C 4C 9C KC AC,450,FLUSH
2C 3C 9C KC AC,451,FLUSH
6C 7C 8C KC AC,452,FLUSH
5C 7C 8C KC AC,453,FLUSH
4C 7C 8C KC AC,454,FLUSH
3C 7C 8C KC AC,455,FLUSH
2C 7C 8C KC AC,456,FLUSH
5C 6C 8C KC AC,457,FLUSH
4C 6C 8C KC AC,458,FLUSH
3C 6C 8C KC AC,459,FLUSH
2C 6C 8C KC AC,460,FLUSH
4C 5C 8C KC AC,461,FLUSH
3C 5C 8C KC AC,462,FLUSH
2C 5C 8C KC AC,463,FLUSH
3C 4C 8C KC AC,464,FLUSH
2C 4C 8C KC AC,465,FLUSH
2C 3C 8C KC AC,466,FLUSH
5C 6C 7C KC AC,467,FLUSH
4C 6C 7C KC AC,468,FLUSH
3C 6C 7C KC AC,469,FLUSH
2C 6C 7C KC AC,470,FLUSH
4C 5C 7C KC AC,471,FLUSH
3C 5C 7C KC AC,472,FLUSH
2C 5C 7C KC AC,473,FLUSH
3C 4C 7C KC AC,474,FLUSH
2C 4C 7C KC AC,475,FLUSH
2C 3C 7C KC AC,476,FLUSH
4C 5C 6C KC AC,477,FLUSH
3C 5C 6C KC AC,478,FLUSH
2C 5C 6C KC AC,479,FLUSH
3C 4C 6C KC AC,480,FLUSH
2C 4C 6C KC AC,481,FLUSH
2C 3C 6C KC AC,482,FLUSH
3C 4C 5C KC AC,483,FLUSH
2C 4C 5C KC AC,484,FLUSH
2C 3C 5C KC AC,485,FLUSH
2C 3C 4C KC AC,486,FLUSH
9C TC JC QC AC,487,FLUSH
8C TC JC QC AC,488,FLUSH
7C TC JC QC AC,489,FLUSH
6C TC JC QC AC,490,FLUSH
5C TC JC QC AC,491,FLUSH
4C TC JC QC AC,492,FLUSH
3C TC JC QC AC,493,FLUSH
2C TC JC QC AC,494,FLUSH
8C 9C JC QC AC,495,FLUSH
7C 9C JC QC AC,496,FLUSH
6C 9C JC QC AC,497,FLUSH
5C 9C JC QC AC,498,FLUSH
4C 9C JC QC AC,499,FLUSH
3C 9C JC QC AC,500,FLUSH
2C 9C JC QC AC,501,FLUSH
7C 8C JC QC AC,502,FLUSH
6C 8C JC QC AC,503,FLUSH
5C 8C JC QC AC,504,FLUSH
4C 8C JC QC AC,505,FLUSH
3C 8C JC QC AC,506,FLUSH
2C 8C JC QC AC,507,FLUSH
6C 7C JC QC AC,508,FLUSH
5C 7C JC QC AC,509,FLUSH
4C 7C JC QC AC,510,FLUSH
3C 7C JC QC AC,511,FLUSH
2C 7C JC QC AC,512,FLUSH
5C 6C JC QC AC,513,FLUSH
4C 6C JC QC AC,514,FLUSH
3C 6C JC QC AC,515,FLUSH
2C 6C JC QC AC,516,FLUSH
4C 5C JC QC AC,517,FLUSH
3C 5C JC QC AC,518,FLUSH
2C 5C JC QC AC,519,FLUSH
3C 4C JC QC AC,520,FLUSH
2C 4C JC QC AC,521,FLUSH
2C 3C JC QC AC,522,FLUSH
8C 9C TC QC AC,523,FLUSH
7C 9C TC QC AC,524,FLUSH
6C 9C TC QC AC,525,FLUSH
5C 9C TC QC AC,526,FLUSH
4C 9C TC QC AC,527,FLUSH
3C 9C TC QC AC,528,FLUSH
2C 9C TC QC AC,529,FLUSH
7C 8C TC QC AC,530,FLUSH
6C 8C TC QC AC,531,FLUSH
5C 8C TC QC AC,532,FLUSH
4C 8C TC QC AC,533,FLUSH
3C 8C TC QC AC,534,FLUSH
2C 8C TC QC AC,535,FLUSH
6C 7C TC QC AC,536,FLUSH
5C 7C TC QC AC,537,FLUSH
4C 7C TC QC AC,538,FLUSH
3C 7C TC QC AC,539,FLUSH
2C 7C TC QC AC,540,FLUSH
5C 6C TC QC AC,541,FLUSH
4C 6C TC QC AC,542,FLUSH
3C 6C TC QC AC,543,FLUSH
2C 6C TC QC AC,544,FLUSH
4C 5C TC QC AC,545,FLUSH
3C 5C TC QC AC,546,FLUSH
2C 5C TC QC AC,547,FLUSH
3C 4C TC QC AC,548,FLUSH
2C 4C TC QC AC,549,FLUSH
2C 3C TC QC AC,550,FLUSH
7C 8C 9C QC AC,551,FLUSH
6C 8C 9C QC AC,552,FLUSH
5C 8C 9C QC AC,553,FLUSH
4C 8C 9C QC AC,554,FLUSH
3C 8C 9C QC AC,555,FLUSH
2C 8C 9C QC AC,556,FLUSH
6C 7C 9C QC AC,557,FLUSH
5C 7C 9C QC AC,558,FLUSH
4C 7C 9C QC AC,559,FLUSH
3C 7C 9C QC AC,560,FLUSH
2C 7C 9C QC AC,561,FLUSH
5C 6C 9C QC AC,562,FLUSH
4C 6C 9C QC AC,563,FLUSH
3C 6C 9C QC AC,564,FLUSH
2C 6C 9C QC AC,565,FLUSH
4C 5C 9C QC AC,566,FLUSH
3C 5C 9C QC AC,567,FLUSH
2C 5C 9C QC AC,568,FLUSH
3C 4C 9C QC AC,569,FLUSH
2C 4C 9C QC AC,570,FLUSH
2C 3C 9C QC AC,571,FLUSH
6C 7C 8C QC AC,572,FLUSH
5C 7C 8C QC AC,573,FLUSH
4C 7C 8C QC AC,574,FLUSH
3C 7C 8C QC AC,575,FLUSH
2C 7C 8C QC AC,576,FLUSH
5C 6C 8C QC AC,577,FLUSH
4C 6C 8C QC AC,578,FLUSH
3C 6C 8C QC AC,579,FLUSH
2C 6C 8C QC AC,580,FLUSH
4C 5C 8C QC AC,581,FLUSH
3C 5C 8C QC AC,582,FLUSH
2C 5C 8C QC AC,583,FLUSH
3C 4C 8C QC AC,584,FLUSH
2C 4C 8C QC AC,585,FLUSH
2C 3C 8C QC AC,586,FLUSH
5C 6C 7C QC AC,587,FLUSH
4C 6C 7C QC AC,588,FLUSH
3C 6C 7C QC AC,589,FLUSH
2C 6C 7C QC AC,590,FLUSH
4C 5C 7C QC AC,591,FLUSH
3C 5C 7C QC AC,592,FLUSH
2C 5C 7C QC AC,593,FLUSH
3C 4C 7C QC AC,594,FLUSH
2C 4C 7C QC AC,595,FLUSH
2C 3C 7C QC AC,596,FLUSH
4C 5C 6C QC AC,597,FLUSH
3C 5C 6C QC AC,598,FLUSH
2C 5C 6C QC AC,599,FLUSH
3C 4C 6C QC AC,600,FLUSH
2C 4C 6C QC AC,601,FLUSH
2C 3C 6C QC AC,602,FLUSH
3C 4C 5C QC AC,603,FLUSH
2C 4C 5C QC AC,604,FLUSH
2C 3C 5C QC AC,605,FLUSH
2C 3C 4C QC AC,606,FLUSH
8C 9C TC JC AC,607,FLUSH
7C 9C TC JC AC,608,FLUSH
6C 9C TC JC AC,609,FLUSH
5C 9C TC JC AC,610,FLUSH
4C 9C TC JC AC,611,FLUSH
3C 9C TC JC AC,612,FLUSH
2C 9C TC JC AC,613,FLUSH
7C 8C TC JC AC,614,FLUSH
6C 8C TC JC AC,615,FLUSH
5C 8C TC JC AC,616,FLUSH
4C 8C TC JC AC,617,FLUSH
3C 8C TC JC AC,618,FLUSH
2C 8C TC JC AC,619,FLUSH
6C 7C TC JC AC,620,FLUSH
5C 7C TC JC AC,621,FLUSH
4C 7C TC JC AC,622,FLUSH
3C 7C TC JC AC,623,FLUSH
2C 7C TC JC AC,624,FLUSH
5C 6C TC JC AC,625,FLUSH
4C 6C TC JC AC,626,FLUSH
3C 6C TC JC AC,627,FLUSH
2C 6C TC JC AC,628,FLUSH
4C 5C TC JC AC,629,FLUSH
3C 5C TC JC AC,630,FLUSH
2C 5C TC JC AC,631,FLUSH
3C 4C TC JC AC,632,FLUSH
2C 4C TC JC AC,633,FLUSH
2C 3C TC JC AC,634,FLUSH
7C 8C 9C JC AC,635,FLUSH
6C 8C 9C JC AC,636,FLUSH
5C 8C 9C JC AC,637,FLUSH
4C 8C 9C JC AC,638,FLUSH
3C 8C 9C JC AC,639,FLUSH
2C 8C 9C JC AC,640,FLUSH
6C 7C 9C JC AC,641,FLUSH
5C 7C 9C JC AC,642,FLUSH
4C 7C 9C JC AC,643,FLUSH
3C 7C 9C JC AC,644,FLUSH
2C 7C 9C JC AC,645,FLUSH
5C 6C 9C JC AC,646,FLUSH
4C 6C 9C JC AC,647,FLUSH
3C 6C 9C JC AC,648,FLUSH
2C 6C 9C JC AC,649,FLUSH
4C 5C 9C JC AC,650,FLUSH
3C 5C 9C JC AC,651,FLUSH
2C 5C 9C JC AC,652,FLUSH
3C 4C 9C JC AC,653,FLUSH
2C 4C 9C JC AC,654,FLUSH
2C 3C 9C JC AC,655,FLUSH
6C 7C 8C JC AC,656,FLUSH
5C 7C 8C JC AC,657,FLUSH
4C 7C 8C JC AC,658,FLUSH
3C 7C 8C JC AC,659,FLUSH
2C 7C 8C JC AC,660,FLUSH
5C 6C 8C JC AC,661,FLUSH
4C 6C 8C JC AC,662,FLUSH
3C 6C 8C JC AC,663,FLUSH
2C 6C 8C JC AC,664,FLUSH
4C 5C 8C JC AC,665,FLUSH
3C 5C 8C JC AC,666,FLUSH
2C 5C 8C JC AC,667,FLUSH
3C 4C 8C JC AC,668,FLUSH
2C 4C 8C JC AC,669,FLUSH
2C 3C 8C JC AC,670,FLUSH
5C 6C 7C JC AC,671,FLUSH
4C 6C 7C JC AC,672,FLUSH
3C 6C 7C JC AC,673,FLUSH
2C 6C 7C JC AC,674,FLUSH
4C 5C 7C JC AC,675,FLUSH
3C 5C 7C JC AC,676,FLUSH
2C 5C 7C JC AC,677,FLUSH
3C 4C 7C JC AC,678,FLUSH
2C 4C 7C JC AC,679,FLUSH
2C 3C 7C JC AC,680,FLUSH
4C 5C 6C JC AC,681,FLUSH
3C 5C 6C JC AC,682,FLUSH
2C 5C 6C JC AC,683,FLUSH
3C 4C 6C JC AC,684,FLUSH
2C 4C 6C JC AC,685,FLUSH
2C 3C 6C JC AC,686,FLUSH
3C 4C 5C JC AC,687,FLUSH
2C 4C 5C JC AC,688,FLUSH
2C 3C 5C JC AC,689,FLUSH
2C 3C 4C JC AC,690,FLUSH
7C 8C 9C TC AC,691,FLUSH
6C 8C 9C TC AC,692,FLUSH
5C 8C 9C TC AC,693,FLUSH
4C 8C 9C TC AC,694,FLUSH
3C 8C 9C TC AC,695,FLUSH
2C 8C 9C TC AC,696,FLUSH
6C 7C 9C TC AC,697,FLUSH
5C 7C 9C TC AC,698,FLUSH
4C 7C 9C TC AC,699,FLUSH
3C 7C 9C TC AC,700,FLUSH
2C 7C 9C TC AC,701,FLUSH
5C 6C 9C TC AC,702,FLUSH
4C 6C 9C TC AC,703,FLUSH
3C 6C 9C TC AC,704,FLUSH
2C 6C 9C TC AC,705,FLUSH
4C 5C 9C TC AC,706,FLUSH
3C 5C 9C TC AC,707,FLUSH
2C 5C 9C TC AC,708,FLUSH
3C 4C 9C TC AC,709,FLUSH
2C 4C 9C TC AC,710,FLUSH
2C 3C 9C TC AC,711,FLUSH
6C 7C 8C TC AC,712,FLUSH
5C 7C 8C TC AC,713,FLUSH
4C 7C 8C TC AC,714,FLUSH
3C 7C 8C TC AC,715,FLUSH
2C 7C 8C TC AC,716,FLUSH
5C 6C 8C TC AC,717,FLUSH
4C 6C 8C TC AC,718,FLUSH
3C 6C 8C TC AC,719,FLUSH
2C 6C 8C TC AC,720,FLUSH
4C 5C 8C TC AC,721,FLUSH
3C 5C 8C TC AC,722,FLUSH
2C 5C 8C TC AC,723,FLUSH
3C 4C 8C TC AC,724,FLUSH
2C 4C 8C TC AC,725,FLUSH
2C 3C 8C TC AC,726,FLUSH
5C 6C 7C TC AC,727,FLUSH
4C 6C 7C TC AC,728,FLUSH
3C 6C 7C TC AC,729,FLUSH
2C 6C 7C TC AC,730,FLUSH
4C 5C 7C TC AC,731,FLUSH
3C 5C 7C TC AC,732,FLUSH
2C 5C 7C TC AC,733,FLUSH
3C 4C 7C TC AC,734,FLUSH
2C 4C 7C TC AC,735,FLUSH
2C 3C 7C TC AC,736,FLUSH
4C 5C 6C TC AC,737,FLUSH
3C 5C 6C TC AC,738,FLUSH
2C 5C 6C TC AC,739,FLUSH
3C 4C 6C TC AC,740,FLUSH
2C 4C 6C TC AC,741,FLUSH
2C 3C 6C TC AC,742,FLUSH
3C 4C 5C TC AC,743,FLUSH
2C 4C 5C TC AC,744,FLUSH
2C 3C 5C TC AC,745,FLUSH
2C 3C 4C TC AC,746,FLUSH
6C 7C 8C 9C AC,747,FLUSH
5C 7C 8C 9C AC,748,FLUSH
4C 7C 8C 9C AC,749,FLUSH
3C 7C 8C 9C AC,750,FLUSH
2C 7C 8C 9C AC,751,FLUSH
5C 6C 8C 9C AC,752,FLUSH
4C 6C 8C 9C AC,753,FLUSH
3C 6C 8C 9C AC,754,FLUSH
2C 6C 8C 9C AC,755,FLUSH
4C 5C 8C 9C AC,756,FLUSH
3C 5C 8C 9C AC,757,FLUSH
2C 5C 8C 9C AC,758,FLUSH
3C 4C 8C 9C AC,759,FLUSH
2C 4C 8C 9C AC,760,FLUSH
2C 3C 8C 9C AC,761,FLUSH
5C 6C 7C 9C AC,762,FLUSH
4C 6C 7C 9C AC,763,FLUSH
3C 6C 7C 9C AC,764,FLUSH
2C 6C 7C 9C AC,765,FLUSH
4C 5C 7C 9C AC,766,FLUSH
3C 5C 7C 9C AC,767,FLUSH
2C 5C 7C 9C AC,768,FLUSH
3C 4C 7C 9C AC,769,FLUSH
2C 4C 7C 9C AC,770,FLUSH
2C 3C 7C 9C AC,771,FLUSH
4C 5C 6C 9C AC,772,FLUSH
3C 5C 6C 9C AC,773,FLUSH
2C 5C 6C 9C AC,774,FLUSH
3C 4C 6C 9C AC,775,FLUSH
2C 4C 6C 9C AC,776,FLUSH
2C 3C 6C 9C AC,777,FLUSH
3C 4C 5C 9C AC,778,FLUSH
2C 4C 5C 9C AC,779,FLUSH
2C 3C 5C 9C AC,780,FLUSH
2C 3C 4C 9C AC,781,FLUSH
5C 6C 7C 8C AC,782,FLUSH
4C 6C 7C 8C AC,783,FLUSH
3C 6C 7C 8C AC,784,FLUSH
2C 6C 7C 8C AC,785,FLUSH
4C 5C 7C 8C AC,786,FLUSH
3C 5C 7C 8C AC,787,FLUSH
2C 5C 7C 8C AC,788,FLUSH
3C 4C 7C 8C AC,789,FLUSH
2C 4C 7C 8C AC,790,FLUSH
2C 3C 7C 8C AC,791,FLUSH
4C 5C 6C 8C AC,792,FLUSH
3C 5C 6C 8C AC,793,FLUSH
2C 5C 6C 8C AC,794,FLUSH
3C 4C 6C 8C AC,795,FLUSH
2C 4C 6C 8C AC,796,FLUSH
2C 3C 6C 8C AC,797,FLUSH
3C 4C 5C 8C AC,798,FLUSH
2C 4C 5C 8C AC,799,FLUSH
2C 3C 5C 8C AC,800,FLUSH
2C 3C 4C 8C AC,801,FLUSH
4C 5C 6C 7C AC,802,FLUSH
3C 5C 6C 7C AC,803,FLUSH
2C 5C 6C 7C AC,804,FLUSH
3C 4C 6C 7C AC,805,FLUSH
2C 4C 6C 7C AC,806,FLUSH
2C 3C 6C 7C AC,807,FLUSH
3C 4C 5C 7C AC,808,FLUSH
2C 4C 5C 7C AC,809,FLUSH
2C 3C 5C 7C AC,810,FLUSH
2C 3C 4C 7C AC,811,FLUSH
3C 4C 5C 6C AC,812,FLUSH
2C 4C 5C 6C AC,813,FLUSH
2C 3C 5C 6C AC,814,FLUSH
2C 3C 4C 6C AC,815,FLUSH
8C TC JC QC KC,816,FLUSH
7C TC JC QC KC,817,FLUSH
6C TC JC QC KC,818,FLUSH
5C TC JC QC KC,819,FLUSH
4C TC JC QC KC,820,FLUSH
3C TC JC QC KC,821,FLUSH
2C TC JC QC KC,822,FLUSH
8C 9C JC QC KC,823,FLUSH
7C 9C JC QC KC,824,FLUSH
6C 9C JC QC KC,825,FLUSH
5C 9C JC QC KC,826,FLUSH
4C 9C JC QC KC,827,FLUSH
3C 9C JC QC KC,828,FLUSH
2C 9C JC QC KC,829,FLUSH
7C 8C JC QC KC,830,FLUSH
6C 8C JC QC KC,831,FLUSH
5C 8C JC QC KC,832,FLUSH
4C 8C JC QC KC,833,FLUSH
3C 8C JC QC KC,834,FLUSH
2C 8C JC QC KC,835,FLUSH
6C 7C JC QC KC,836,FLUSH
5C 7C JC QC KC,837,FLUSH
4C 7C JC QC KC,838,FLUSH
3C 7C JC QC KC,839,FLUSH
2C 7C JC QC KC,840,FLUSH
5C 6C JC QC KC,841,FLUSH
4C 6C JC QC KC,842,FLUSH
3C 6C JC QC KC,843,FLUSH
2C 6C JC QC KC,844,FLUSH
4C 5C JC QC KC,845,FLUSH
3C 5C JC QC KC,846,FLUSH
2C 5C JC QC KC,847,FLUSH
3C 4C JC QC KC,848,FLUSH
2C 4C JC QC KC,849,FLUSH
2C 3C JC QC KC,850,FLUSH
8C 9C TC QC KC,851,FLUSH
7C 9C TC QC KC,852,FLUSH
6C 9C TC QC KC,853,FLUSH
5C 9C TC QC KC,854,FLUSH
4C 9C TC QC KC,855,FLUSH
3C 9C TC QC KC,856,FLUSH
2C 9C TC QC KC,857,FLUSH
7C 8C TC QC KC,858,FLUSH
6C 8C TC QC KC,859,FLUSH
5C 8C TC QC KC,860,FLUSH
4C 8C TC QC KC,861,FLUSH
3C 8C TC QC KC,862,FLUSH
2C 8C TC QC KC,863,FLUSH
6C 7C TC QC KC,864,FLUSH
5C 7C TC QC KC,865,FLUSH
4C 7C TC QC KC,866,FLUSH
3C 7C TC QC KC,867,FLUSH
2C 7C TC QC KC,868,FLUSH
5C 6C TC QC KC,869,FLUSH
4C 6C TC QC KC,870,FLUSH
3C 6C TC QC KC,871,FLUSH
2C 6C TC QC KC,872,FLUSH
4C 5C TC QC KC,873,FLUSH
3C 5C TC QC KC,874,FLUSH
2C 5C TC QC KC,875,FLUSH
3C 4C TC QC KC,876,FLUSH
2C 4C TC QC KC,877,FLUSH
2C 3C TC QC KC,878,FLUSH
7C 8C 9C QC KC,879,FLUSH
6C 8C 9C QC KC,880,FLUSH
5C 8C 9C QC KC,881,FLUSH
4C 8C 9C QC KC,882,FLUSH
3C 8C 9C QC KC,883,FLUSH
2C 8C 9C QC KC,884,FLUSH
6C 7C 9C QC KC,885,FLUSH
5C 7C 9C QC KC,886,FLUSH
4C 7C 9C QC KC,887,FLUSH
3C 7C 9C QC KC,888,FLUSH
2C 7C 9C QC KC,889,FLUSH
5C 6C 9C QC KC,890,FLUSH
4C 6C 9C QC KC,891,FLUSH
3C 6C 9C QC KC,892,FLUSH
2C 6C 9C QC KC,893,FLUSH
4C 5C 9C QC KC,894,FLUSH
3C 5C 9C QC KC,895,FLUSH
2C 5C 9C QC KC,896,FLUSH
3C 4C 9C QC KC,897,FLUSH
2C 4C 9C QC KC,898,FLUSH
2C 3C 9C QC KC,899,FLUSH
6C 7C 8C QC KC,900,FLUSH
5C 7C 8C QC KC,901,FLUSH
4C 7C 8C QC KC,902,FLUSH
3C 7C 8C QC KC,903,FLUSH
2C 7C 8C QC KC,904,FLUSH
5C 6C 8C QC KC,905,FLUSH
4C 6C 8C QC KC,906,FLUSH
3C 6C 8C QC KC,907,FLUSH
2C 6C 8C QC KC,908,FLUSH
4C 5C 8C QC KC,909,FLUSH
3C 5C 8C QC KC,910,FLUSH
2C 5C 8C QC KC,911,FLUSH
3C 4C 8C QC KC,912,FLUSH
2C 4C 8C QC KC,913,FLUSH
2C 3C 8C QC KC,914,FLUSH
5C 6C 7C QC KC,915,FLUSH
4C 6C 7C QC KC,916,FLUSH
3C 6C 7C QC KC,917,FLUSH
2C 6C 7C QC KC,918,FLUSH
4C 5C 7C QC KC,919,FLUSH
3C 5C 7C QC KC,920,FLUSH
2C 5C 7C QC KC,921,FLUSH
3C 4C 7C QC KC,922,FLUSH
2C 4C 7C QC KC,923,FLUSH
2C 3C 7C QC KC,924,FLUSH
4C 5C 6C QC KC,925,FLUSH
3C 5C 6C QC KC,926,FLUSH
2C 5C 6C QC KC,927,FLUSH
3C 4C 6C QC KC,928,FLUSH
2C 4C 6C QC KC,929,FLUSH
2C 3C 6C QC KC,930,FLUSH
3C 4C 5C QC KC,931,FLUSH
2C 4C 5C QC KC,932,FLUSH
2C 3C 5C QC KC,933,FLUSH
2C 3C 4C QC KC,934,FLUSH
8C 9C TC JC KC,935,FLUSH
7C 9C TC JC KC,936,FLUSH
6C 9C TC JC KC,937,FLUSH
5C 9C TC JC KC,938,FLUSH
4C 9C TC JC KC,939,FLUSH
3C 9C TC JC KC,940,FLUSH
2C 9C TC JC KC,941,FLUSH
7C 8C TC JC KC,942,FLUSH
6C 8C TC JC KC,943,FLUSH
5C 8C TC JC KC,944,FLUSH
4C 8C TC JC KC,945,FLUSH
3C 8C TC JC KC,946,FLUSH
2C 8C TC JC KC,947,FLUSH
6C 7C TC JC KC,948,FLUSH
5C 7C TC JC KC,949,FLUSH
4C 7C TC JC KC,950,FLUSH
3C 7C TC JC KC,951,FLUSH
2C 7C TC JC KC,952,FLUSH
5C 6C TC JC KC,953,FLUSH
4C 6C TC JC KC,954,FLUSH
3C 6C TC JC KC,955,FLUSH
2C 6C TC JC KC,956,FLUSH
4C 5C TC JC KC,957,FLUSH
3C 5C TC JC KC,958,FLUSH
2C 5C TC JC KC,959,FLUSH
3C 4C TC JC KC,960,FLUSH
2C 4C TC JC KC,961,FLUSH
2C 3C TC JC KC,962,FLUSH
7C 8C 9C JC KC,963,FLUSH
6C 8C 9C JC KC,964,FLUSH
5C 8C 9C JC KC,965,FLUSH
4C 8C 9C JC KC,966,FLUSH
3C 8C 9C JC KC,967,FLUSH
2C 8C 9C JC KC,968,FLUSH
6C 7C 9C JC KC,969,FLUSH
5C 7C 9C JC KC,970,FLUSH
4C 7C 9C JC KC,971,FLUSH
3C 7C 9C JC KC,972,FLUSH
2C 7C 9C JC KC,973,FLUSH
5C 6C 9C JC KC,974,FLUSH
4C 6C 9C JC KC,975,FLUSH
3C 6C 9C JC KC,976,FLUSH
2C 6C 9C JC KC,977,FLUSH
4C 5C 9C JC KC,978,FLUSH
3C 5C 9C JC KC,979,FLUSH
2C 5C 9C JC KC,980,FLUSH
3C 4C 9C JC KC,981,FLUSH
2C 4C 9C JC KC,982,FLUSH
2C 3C 9C JC KC,983,FLUSH
6C 7C 8C JC KC,984,FLUSH
5C 7C 8C JC KC,985,FLUSH
4C 7C 8C JC KC,986,FLUSH
3C 7C 8C JC KC,987,FLUSH
2C 7C 8C JC KC,988,FLUSH
5C 6C 8C JC KC,989,FLUSH
4C 6C 8C JC KC,990,FLUSH
3C 6C 8C JC KC,991,FLUSH
2C 6C 8C JC KC,992,FLUSH
4C 5C 8C JC KC,993,FLUSH
3C 5C 8C JC KC,994,FLUSH
2C 5C 8C JC KC,995,FLUSH
3C 4C 8C JC KC,996,FLUSH
2C 4C 8C JC KC,997,FLUSH
2C 3C 8C JC KC,998,FLUSH
5C 6C 7C JC KC,999,FLUSH
4C 6C 7C JC KC,1000,FLUSH
3C 6C 7C JC KC,1001,FLUSH
2C 6C 7C JC KC,1002,FLUSH
4C 5C 7C JC KC,1003,FLUSH
3C 5C 7C JC KC,1004,FLUSH
2C 5C 7C JC KC,1005,FLUSH
3C 4C 7C JC KC,1006,FLUSH
2C 4C 7C JC KC,1007,FLUSH
2C 3C 7C JC KC,1008,FLUSH
4C 5C 6C JC KC,1009,FLUSH
3C 5C 6C JC KC,1010,FLUSH
2C 5C 6C JC KC,1011,FLUSH
3C 4C 6C JC KC,1012,FLUSH
2C 4C 6C JC KC,1013,FLUSH
2C 3C 6C JC KC,1014,FLUSH
3C 4C 5C JC KC,1015,FLUSH
2C 4C 5C JC KC,1016,FLUSH
2C 3C 5C JC KC,1017,FLUSH
2C 3C 4C JC KC,1018,FLUSH
7C 8C 9C TC KC,1019,FLUSH
6C 8C 9C TC KC,1020,FLUSH
5C 8C 9C TC KC,1021,FLUSH
4C 8C 9C TC KC,1022,FLUSH
3C 8C 9C TC KC,1023,FLUSH
2C 8C 9C TC KC,1024,FLUSH
6C 7C 9C TC KC,1025,FLUSH
5C 7C 9C TC KC,1026,FLUSH
4C 7C 9C TC KC,1027,FLUSH
3C 7C 9C TC KC,1028,FLUSH
2C 7C 9C TC KC,1029,FLUSH
5C 6C 9C TC KC,1030,FLUSH
4C 6C 9C TC KC,1031,FLUSH
3C 6C 9C TC KC,1032,FLUSH
2C 6C 9C TC KC,1033,FLUSH
4C 5C 9C TC KC,1034,FLUSH
3C 5C 9C TC KC,1035,FLUSH
2C 5C 9C TC KC,1036,FLUSH
3C 4C 9C TC KC,1037,FLUSH
2C 4C 9C TC KC,1038,FLUSH
2C 3C 9C TC KC,1039,FLUSH
6C 7C 8C TC KC,1040,FLUSH
5C 7C 8C TC KC,1041,FLUSH
4C 7C 8C TC KC,1042,FLUSH
3C 7C 8C TC KC,1043,FLUSH
2C 7C 8C TC KC,1044,FLUSH
5C 6C 8C TC KC,1045,FLUSH
4C 6C 8C TC KC,1046,FLUSH
3C 6C 8C TC KC,1047,FLUSH
2C 6C 8C TC KC,1048,FLUSH
4C 5C 8C TC KC,1049,FLUSH
3C 5C 8C TC KC,1050,FLUSH
2C 5C 8C TC KC,1051,FLUSH
3C 4C 8C TC KC,1052,FLUSH
2C 4C 8C TC KC,1053,FLUSH
2C 3C 8C TC KC,1054,FLUSH
5C 6C 7C TC KC,1055,FLUSH
4C 6C 7C TC KC,1056,FLUSH
3C 6C 7C TC KC,1057,FLUSH
2C 6C 7C TC KC,1058,FLUSH
4C 5C 7C TC KC,1059,FLUSH
3C 5C 7C TC KC,1060,FLUSH
2C 5C 7C TC KC,1061,FLUSH
3C 4C 7C TC KC,1062,FLUSH
2C 4C 7C TC KC,1063,FLUSH
2C 3C 7C TC KC,1064,FLUSH
4C 5C 6C TC KC,1065,FLUSH
3C 5C 6C TC KC,1066,FLUSH
2C 5C 6C TC KC,1067,FLUSH
3C 4C 6C TC KC,1068,FLUSH
2C 4C 6C TC KC,1069,FLUSH
2C 3C 6C TC KC,1070,FLUSH
3C 4C 5C TC KC,1071,FLUSH
2C 4C 5C TC KC,1072,FLUSH
2C 3C 5C TC KC,1073,FLUSH
2C 3C 4C TC KC,1074,FLUSH
6C 7C 8C 9C KC,1075,FLUSH
5C 7C 8C 9C KC,1076,FLUSH
4C 7C 8C 9C KC,1077,FLUSH
3C 7C 8C 9C KC,1078,FLUSH
2C 7C 8C 9C KC,1079,FLUSH
5C 6C 8C 9C KC,1080,FLUSH
4C 6C 8C 9C KC,1081,FLUSH
3C 6C 8C 9C KC,1082,FLUSH
2C 6C 8C 9C KC,1083,FLUSH
4C 5C 8C 9C KC,1084,FLUSH
3C 5C 8C 9C KC,1085,FLUSH
2C 5C 8C 9C KC,1086,FLUSH
3C 4C 8C 9C KC,1087,FLUSH
2C 4C 8C 9C KC,1088,FLUSH
2C 3C 8C 9C KC,1089,FLUSH
5C 6C 7C 9C KC,1090,FLUSH
4C 6C 7C 9C KC,1091,FLUSH
3C 6C 7C 9C KC,1092,FLUSH
2C 6C 7C 9C KC,1093,FLUSH
4C 5C 7C 9C KC,1094,FLUSH
3C 5C 7C 9C KC,1095,FLUSH
2C 5C 7C 9C KC,1096,FLUSH
3C 4C 7C 9C KC,1097,FLUSH
2C 4C 7C 9C KC,1098,FLUSH
2C 3C 7C 9C KC,1099,FLUSH
4C 5C 6C 9C KC,1100,FLUSH
3C 5C 6C 9C KC,1101,FLUSH
2C 5C 6C 9C KC,1102,FLUSH
3C 4C 6C 9C KC,1103,FLUSH
2C 4C 6C 9C KC,1104,FLUSH
2C 3C 6C 9C KC,1105,FLUSH
3C 4C 5C 9C KC,1106,FLUSH
2C 4C 5C 9C KC,1107,FLUSH
2C 3C 5C 9C KC,1108,FLUSH
2C 3C 4C 9C KC,1109,FLUSH
5C 6C 7C 8C KC,1110,FLUSH
4C 6C 7C 8C KC,1111,FLUSH
3C 6C 7C 8C KC,1112,FLUSH
2C 6C 7C 8C KC,1113,FLUSH
4C 5C 7C 8C KC,1114,FLUSH
3C 5C 7C 8C KC,1115,FLUSH
2C 5C 7C 8C KC,1116,FLUSH
3C 4C 7C 8C KC,1117,FLUSH
2C 4C 7C 8C KC,1118,FLUSH
2C 3C 7C 8C KC,1119,FLUSH
4C 5C 6C 8C KC,1120,FLUSH
3C 5C 6C 8C KC,1121,FLUSH
2C 5C 6C 8C KC,1122,FLUSH
3C 4C 6C 8C KC,1123,FLUSH
2C 4C 6C 8C KC,1124,FLUSH
2C 3C 6C 8C KC,1125,FLUSH
3C 4C 5C 8C KC,1126,FLUSH
2C 4C 5C 8C KC,1127,FLUSH
2C 3C 5C 8C KC,1128,FLUSH
2C 3C 4C 8C KC,1129,FLUSH
4C 5C 6C 7C KC,1130,FLUSH
3C 5C 6C 7C KC,1131,FLUSH
2C 5C 6C 7C KC,1132,FLUSH
3C 4C 6C 7C KC,1133,FLUSH
2C 4C 6C 7C KC,1134,FLUSH
2C 3C 6C 7C KC,1135,FLUSH
3C 4C 5C 7C KC,1136,FLUSH
2C 4C 5C 7C KC,1137,FLUSH
2C 3C 5C 7C KC,1138,FLUSH
2C 3C 4C 7C KC,1139,FLUSH
3C 4C 5C 6C KC,1140,FLUSH
2C 4C 5C 6C KC,1141,FLUSH
2C 3C 5C 6C KC,1142,FLUSH
2C 3C 4C 6C KC,1143,FLUSH
2C 3C 4C 5C KC,1144,FLUSH
7C 9C TC JC QC,1145,FLUSH
6C 9C TC JC QC,1146,FLUSH
5C 9C TC JC QC,1147,FLUSH
4C 9C TC JC QC,1148,FLUSH
3C 9C TC JC QC,1149,FLUSH
2C 9C TC JC QC,1150,FLUSH
7C 8C TC JC QC,1151,FLUSH
6C 8C TC JC QC,1152,FLUSH
5C 8C TC JC QC,1153,FLUSH
4C 8C TC JC QC,1154,FLUSH
3C 8C TC JC QC,1155,FLUSH
2C 8C TC JC QC,1156,FLUSH
6C 7C TC JC QC,1157,FLUSH
5C 7C TC JC QC,1158,FLUSH
4C 7C TC JC QC,1159,FLUSH
3C 7C TC JC QC,1160,FLUSH
2C 7C TC JC QC,1161,FLUSH
5C 6C TC JC QC,1162,FLUSH
4C 6C TC JC QC,1163,FLUSH
3C 6C TC JC QC,1164,FLUSH
2C 6C TC JC QC,1165,FLUSH
4C 5C TC JC QC,1166,FLUSH
3C 5C TC JC QC,1167,FLUSH
2C 5C TC JC QC,1168,FLUSH
3C 4C TC JC QC,1169,FLUSH
2C 4C TC JC QC,1170,FLUSH
2C 3C TC JC QC,1171,FLUSH
7C 8C 9C JC QC,1172,FLUSH
6C 8C 9C JC QC,1173,FLUSH
5C 8C 9C JC QC,1174,FLUSH
4C 8C 9C JC QC,1175,FLUSH
3C 8C 9C JC QC,1176,FLUSH
2C 8C 9C JC QC,1177,FLUSH
6C 7C 9C JC QC,1178,FLUSH
5C 7C 9C JC QC,1179,FLUSH
4C 7C 9C JC QC,1180,FLUSH
3C 7C 9C JC QC,1181,FLUSH
2C 7C 9C JC QC,1182,FLUSH
5C 6C 9C JC QC,1183,FLUSH
4C 6C 9C JC QC,1184,FLUSH
3C 6C 9C JC QC,1185,FLUSH
2C 6C 9C JC QC,1186,FLUSH
4C 5C 9C JC QC,1187,FLUSH
3C 5C 9C JC QC,1188,FLUSH
2C 5C 9C JC QC,1189,FLUSH
3C 4C 9C JC QC,1190,FLUSH
2C 4C 9C JC QC,1191,FLUSH
2C 3C 9C JC QC,1192,FLUSH
6C 7C 8C JC QC,1193,FLUSH
5C 7C 8C JC QC,1194,FLUSH
4C 7C 8C JC QC,1195,FLUSH
3C 7C 8C JC QC,1196,FLUSH
2C 7C 8C JC QC,1197,FLUSH
5C 6C 8C JC QC,1198,FLUSH
4C 6C 8C JC QC,1199,FLUSH
3C 6C 8C JC QC,1200,FLUSH
2C 6C 8C JC QC,1201,FLUSH
4C 5C 8C JC QC,1202,FLUSH
3C 5C 8C JC QC,1203,FLUSH
2C 5C 8C JC QC,1204,FLUSH
3C 4C 8C JC QC,1205,FLUSH
2C 4C 8C JC QC,1206,FLUSH
2C 3C 8C JC QC,1207,FLUSH
5C 6C 7C JC QC,1208,FLUSH
4C 6C 7C JC QC,1209,FLUSH
3C 6C 7C JC QC,1210,FLUSH
2C 6C 7C JC QC,1211,FLUSH
4C 5C 7C JC QC,1212,FLUSH
3C 5C 7C JC QC,1213,FLUSH
2C 5C 7C JC QC,1214,FLUSH
3C 4C 7C JC QC,1215,FLUSH
2C 4C 7C JC QC,1216,FLUSH
2C 3C 7C JC QC,1217,FLUSH
4C 5C 6C JC QC,1218,FLUSH
3C 5C 6C JC QC,1219,FLUSH
2C 5C 6C JC QC,1220,FLUSH
3C 4C 6C JC QC,1221,FLUSH
2C 4C 6C JC QC,1222,FLUSH
2C 3C 6C JC QC,1223,FLUSH
3C 4C 5C JC QC,1224,FLUSH
2C 4C 5C JC QC,1225,FLUSH
2C 3C 5C JC QC,1226,FLUSH
2C 3C 4C JC QC,1227,FLUSH
7C 8C 9C TC QC,1228,FLUSH
6C 8C 9C TC QC,1229,FLUSH
5C 8C 9C TC QC,1230,FLUSH
4C 8C 9C TC QC,1231,FLUSH
3C 8C 9C TC QC,1232,FLUSH
2C 8C 9C TC QC,1233,FLUSH
6C 7C 9C TC QC,1234,FLUSH
5C 7C 9C TC QC,1235,FLUSH
4C 7C 9C TC QC,1236,FLUSH
3C 7C 9C TC QC,1237,FLUSH
2C 7C 9C TC QC,1238,FLUSH
5C 6C 9C TC QC,1239,FLUSH
4C 6C 9C TC QC,1240,FLUSH
3C 6C 9C TC QC,1241,FLUSH
2C 6C 9C TC QC,1242,FLUSH
4C 5C 9C TC QC,1243,FLUSH
3C 5C 9C TC QC,1244,FLUSH
2C 5C 9C TC QC,1245,FLUSH
3C 4C 9C TC QC,1246,FLUSH
2C 4C 9C TC QC,1247,FLUSH
2C 3C 9C TC QC,1248,FLUSH
6C 7C 8C TC QC,1249,FLUSH
5C 7C 8C TC QC,1250,FLUSH
4C 7C 8C TC QC,1251,FLUSH
3C 7C 8C TC QC,1252,FLUSH
2C 7C 8C TC QC,1253,FLUSH
5C 6C 8C TC QC,1254,FLUSH
4C 6C 8C TC QC,1255,FLUSH
3C 6C 8C TC QC,1256,FLUSH
2C 6C 8C TC QC,1257,FLUSH
4C 5C 8C TC QC,1258,FLUSH
3C 5C 8C TC QC,1259,FLUSH
2C 5C 8C TC QC,1260,FLUSH
3C 4C 8C TC QC,1261,FLUSH
2C 4C 8C TC QC,1262,FLUSH
2C 3C 8C TC QC,1263,FLUSH
5C 6C 7C TC QC,1264,FLUSH
4C 6C 7C TC QC,1265,FLUSH
3C 6C 7C TC QC,1266,FLUSH
2C 6C 7C TC QC,1267,FLUSH
4C 5C 7C TC QC,1268,FLUSH
3C 5C 7C TC QC,1269,FLUSH
2C 5C 7C TC QC,1270,FLUSH
3C 4C 7C TC QC,1271,FLUSH
2C 4C 7C TC QC,1272,FLUSH
2C 3C 7C TC QC,1273,FLUSH
4C 5C 6C TC QC,1274,FLUSH
3C 5C 6C TC QC,1275,FLUSH
2C 5C 6C TC QC,1276,FLUSH
3C 4C 6C TC QC,1277,FLUSH
2C 4C 6C TC QC,1278,FLUSH
2C 3C 6C TC QC,1279,FLUSH
3C 4C 5C TC QC,1280,FLUSH
2C 4C 5C TC QC,1281,FLUSH
2C 3C 5C TC QC,1282,FLUSH
2C 3C 4C TC QC,1283,FLUSH
6C 7C 8C 9C QC,1284,FLUSH
5C 7C 8C 9C QC,1285,FLUSH
4C 7C 8C 9C QC,1286,FLUSH
3C 7C 8C 9C QC,1287,FLUSH
2C 7C 8C 9C QC,1288,FLUSH
5C 6C 8C 9C QC,1289,FLUSH
4C 6C 8C 9C QC,1290,FLUSH
3C 6C 8C 9C QC,1291,FLUSH
2C 6C 8C 9C QC,1292,FLUSH
4C 5C 8C 9C QC,1293,FLUSH
3C 5C 8C 9C QC,1294,FLUSH
2C 5C 8C 9C QC,1295,FLUSH
3C 4C 8C 9C QC,1296,FLUSH
2C 4C 8C 9C QC,1297,FLUSH
2C 3C 8C 9C QC,1298,FLUSH
5C 6C 7C 9C QC,1299,FLUSH
4C 6C 7C 9C QC,1300,FLUSH
3C 6C 7C 9C QC,1301,FLUSH
2C 6C 7C 9C QC,1302,FLUSH
4C 5C 7C 9C QC,1303,FLUSH
3C 5C 7C 9C QC,1304,FLUSH
2C 5C 7C 9C QC,1305,FLUSH
3C 4C 7C 9C QC,1306,FLUSH
2C 4C 7C 9C QC,1307,FLUSH
2C 3C 7C 9C QC,1308,FLUSH
4C 5C 6C 9C QC,1309,FLUSH
3C 5C 6C 9C QC,1310,FLUSH
2C 5C 6C 9C QC,1311,FLUSH
3C 4C 6C 9C QC,1312,FLUSH
2C 4C 6C 9C QC,1313,FLUSH
2C 3C 6C 9C QC,1314,FLUSH
3C 4C 5C 9C QC,1315,FLUSH
2C 4C 5C 9C QC,1316,FLUSH
2C 3C 5C 9C QC,1317,FLUSH
2C 3C 4C 9C QC,1318,FLUSH
5C 6C 7C 8C QC,1319,FLUSH
4C 6C 7C 8C QC,1320,FLUSH
3C 6C 7C 8C QC,1321,FLUSH
2C 6C 7C 8C QC,1322,FLUSH
4C 5C 7C 8C QC,1323,FLUSH
3C 5C 7C 8C QC,1324,FLUSH
2C 5C 7C 8C QC,1325,FLUSH
3C 4C 7C 8C QC,1326,FLUSH
2C 4C 7C 8C QC,1327,FLUSH
2C 3C 7C 8C QC,1328,FLUSH
4C 5C 6C 8C QC,1329,FLUSH
3C 5C 6C 8C QC,1330,FLUSH
2C 5C 6C 8C QC,1331,FLUSH
3C 4C 6C 8C QC,1332,FLUSH
2C 4C 6C 8C QC,1333,FLUSH
2C 3C 6C 8C QC,1334,FLUSH
3C 4C 5C 8C QC,1335,FLUSH
2C 4C 5C 8C QC,1336,FLUSH
2C 3C 5C 8C QC,1337,FLUSH
2C 3C 4C 8C QC,1338,FLUSH
4C 5C 6C 7C QC,1339,FLUSH
3C 5C 6C 7C QC,1340,FLUSH
2C 5C 6C 7C QC,1341,FLUSH
3C 4C 6C 7C QC,1342,FLUSH
2C 4C 6C 7C QC,1343,FLUSH
2C 3C 6C 7C QC,1344,FLUSH
3C 4C 5C 7C QC,1345,FLUSH
2C 4C 5C 7C QC,1346,FLUSH
2C 3C 5C 7C QC,1347,FLUSH
2C 3C 4C 7C QC,1348,FLUSH
3C 4C 5C 6C QC,1349,FLUSH
2C 4C 5C 6C QC,1350,FLUSH
2C 3C 5C 6C QC,1351,FLUSH
2C 3C 4C 6C QC,1352,FLUSH
2C 3C 4C 5C QC,1353,FLUSH
6C 8C 9C TC JC,1354,FLUSH
5C 8C 9C TC JC,1355,FLUSH
4C 8C 9C TC JC,1356,FLUSH
3C 8C 9C TC JC,1357,FLUSH
2C 8C 9C TC JC,1358,FLUSH
6C 7C 9C TC JC,1359,FLUSH
5C 7C 9C TC JC,1360,FLUSH
4C 7C 9C TC JC,1361,FLUSH
3C 7C 9C TC JC,1362,FLUSH
2C 7C 9C TC JC,1363,FLUSH
5C 6C 9C TC JC,1364,FLUSH
4C 6C 9C TC JC,1365,FLUSH
3C 6C 9C TC JC,1366,FLUSH
2C 6C 9C TC JC,1367,FLUSH
4C 5C 9C TC JC,1368,FLUSH
3C 5C 9C TC JC,1369,FLUSH
2C 5C 9C TC JC,1370,FLUSH
3C 4C 9C TC JC,1371,FLUSH
2C 4C 9C TC JC,1372,FLUSH
2C 3C 9C TC JC,1373,FLUSH
6C 7C 8C TC JC,1374,FLUSH
5C 7C 8C TC JC,1375,FLUSH
4C 7C 8C TC JC,1376,FLUSH
3C 7C 8C TC JC,1377,FLUSH
2C 7C 8C TC JC,1378,FLUSH
5C 6C 8C TC JC,1379,FLUSH
4C 6C 8C TC JC,1380,FLUSH
3C 6C 8C TC JC,1381,FLUSH
2C 6C 8C TC JC,1382,FLUSH
4C 5C 8C TC JC,1383,FLUSH
3C 5C 8C TC JC,1384,FLUSH
2C 5C 8C TC JC,1385,FLUSH
3C 4C 8C TC JC,1386,FLUSH
2C 4C 8C TC JC,1387,FLUSH
2C 3C 8C TC JC,1388,FLUSH
5C 6C 7C TC JC,1389,FLUSH
4C 6C 7C TC JC,1390,FLUSH
3C 6C 7C TC JC,1391,FLUSH
2C 6C 7C TC JC,1392,FLUSH
4C 5C 7C TC JC,1393,FLUSH
3C 5C 7C TC JC,1394,FLUSH
2C 5C 7C TC JC,1395,FLUSH
3C 4C 7C TC JC,1396,FLUSH
2C 4C 7C TC JC,1397,FLUSH
2C 3C 7C TC JC,1398,FLUSH
4C 5C 6C TC JC,1399,FLUSH
3C 5C 6C TC JC,1400,FLUSH
2C 5C 6C TC JC,1401,FLUSH
3C 4C 6C TC JC,1402,FLUSH
2C 4C 6C TC JC,1403,FLUSH
2C 3C 6C TC JC,1404,FLUSH
3C 4C 5C TC JC,1405,FLUSH
2C 4C 5C TC JC,1406,FLUSH
2C 3C 5C TC JC,1407,FLUSH
2C 3C 4C TC JC,1408,FLUSH
6C 7C 8C 9C JC,1409,FLUSH
5C 7C 8C 9C JC,1410,FLUSH
4C 7C 8C 9C JC,1411,FLUSH
3C 7C 8C 9C JC,1412,FLUSH
2C 7C 8C 9C JC,1413,FLUSH
5C 6C 8C 9C JC,1414,FLUSH
4C 6C 8C 9C JC,1415,FLUSH
3C 6C 8C 9C JC,1416,FLUSH
2C 6C 8C 9C JC,1417,FLUSH
4C 5C 8C 9C JC,1418,FLUSH
3C 5C 8C 9C JC,1419,FLUSH
2C 5C 8C 9C JC,1420,FLUSH
3C 4C 8C 9C JC,1421,FLUSH
2C 4C 8C 9C JC,1422,FLUSH
2C 3C 8C 9C JC,1423,FLUSH
5C 6C 7C 9C JC,1424,FLUSH
4C 6C 7C 9C JC,1425,FLUSH
3C 6C 7C 9C JC,1426,FLUSH
2C 6C 7C 9C JC,1427,FLUSH
4C 5C 7C 9C JC,1428,FLUSH
3C 5C 7C 9C JC,1429,FLUSH
2C 5C 7C 9C JC,1430,FLUSH
3C 4C 7C 9C JC,1431,FLUSH
2C 4C 7C 9C JC,1432,FLUSH
2C 3C 7C 9C JC,1433,FLUSH
4C 5C 6C 9C JC,1434,FLUSH
3C 5C 6C 9C JC,1435,FLUSH
2C 5C 6C 9C JC,1436,FLUSH
3C 4C 6C 9C JC,1437,FLUSH
2C 4C 6C 9C JC,1438,FLUSH
2C 3C 6C 9C JC,1439,FLUSH
3C 4C 5C 9C JC,1440,FLUSH
2C 4C 5C 9C JC,1441,FLUSH
2C 3C 5C 9C JC,1442,FLUSH
2C 3C 4C 9C JC,1443,FLUSH
5C 6C 7C 8C JC,1444,FLUSH
4C 6C 7C 8C JC,1445,FLUSH
3C 6C 7C 8C JC,1446,FLUSH
2C 6C 7C 8C JC,1447,FLUSH
4C 5C 7C 8C JC,1448,FLUSH
3C 5C 7C 8C JC,1449,FLUSH
2C 5C 7C 8C JC,1450,FLUSH
3C 4C 7C 8C JC,1451,FLUSH
2C 4C 7C 8C JC,1452,FLUSH
2C 3C 7C 8C JC,1453,FLUSH
4C 5C 6C 8C JC,1454,FLUSH
3C 5C 6C 8C JC,1455,FLUSH
2C 5C 6C 8C JC,1456,FLUSH
3C 4C 6C 8C JC,1457,FLUSH
2C 4C 6C 8C JC,1458,FLUSH
2C 3C 6C 8C JC,1459,FLUSH
3C 4C 5C 8C JC,1460,FLUSH
2C 4C 5C 8C JC,1461,FLUSH
2C 3C 5C 8C JC,1462,FLUSH
2C 3C 4C 8C JC,1463,FLUSH
4C 5C 6C 7C JC,1464,FLUSH
3C 5C 6C 7C JC,1465,FLUSH
2C 5C 6C 7C JC,1466,FLUSH
3C 4C 6C 7C JC,1467,FLUSH
2C 4C 6C 7C JC,1468,FLUSH
2C 3C 6C 7C JC,1469,FLUSH
3C 4C 5C 7C JC,1470,FLUSH
2C 4C 5C 7C JC,1471,FLUSH
2C 3C 5C 7C JC,1472,FLUSH
2C 3C 4C 7C JC,1473,FLUSH
3C 4C 5C 6C JC,1474,FLUSH
2C 4C 5C 6C JC,1475,FLUSH
2C 3C 5C 6C JC,1476,FLUSH
2C 3C 4C 6C JC,1477,FLUSH
2C 3C 4C 5C JC,1478,FLUSH
5C 7C 8C 9C TC,1479,FLUSH
4C 7C 8C 9C TC,1480,FLUSH
3C 7C 8C 9C TC,1481,FLUSH
2C 7C 8C 9C TC,1482,FLUSH
5C 6C 8C 9C TC,1483,FLUSH
4C 6C 8C 9C TC,1484,FLUSH
3C 6C 8C 9C TC,1485,FLUSH
2C 6C 8C 9C TC,1486,FLUSH
4C 5C 8C 9C TC,1487,FLUSH
3C 5C 8C 9C TC,1488,FLUSH
2C 5C 8C 9C TC,1489,FLUSH
3C 4C 8C 9C TC,1490,FLUSH
2C 4C 8C 9C TC,1491,FLUSH
2C 3C 8C 9C TC,1492,FLUSH
5C 6C 7C 9C TC,1493,FLUSH
4C 6C 7C 9C TC,1494,FLUSH
3C 6C 7C 9C TC,1495,FLUSH
2C 6C 7C 9C TC,1496,FLUSH
4C 5C 7C 9C TC,1497,FLUSH
3C 5C 7C 9C TC,1498,FLUSH
2C 5C 7C 9C TC,1499,FLUSH
3C 4C 7C 9C TC,1500,FLUSH
2C 4C 7C 9C TC,1501,FLUSH
2C 3C 7C 9C TC,1502,FLUSH
4C 5C 6C 9C TC,1503,FLUSH
3C 5C 6C 9C TC,1504,FLUSH
2C 5C 6C 9C TC,1505,FLUSH
3C 4C 6C 9C TC,1506,FLUSH
2C 4C 6C 9C TC,1507,FLUSH
2C 3C 6C 9C TC,1508,FLUSH
3C 4C 5C 9C TC,1509,FLUSH
2C 4C 5C 9C TC,1510,FLUSH
2C 3C 5C 9C TC,1511,FLUSH
2C 3C 4C 9C TC,1512,FLUSH
5C 6C 7C 8C TC,1513,FLUSH
4C 6C 7C 8C TC,1514,FLUSH
3C 6C 7C 8C TC,1515,FLUSH
2C 6C 7C 8C TC,1516,FLUSH
4C 5C 7C 8C TC,1517,FLUSH
3C 5C 7C 8C TC,1518,FLUSH
2C 5C 7C 8C TC,1519,FLUSH
3C 4C 7C 8C TC,1520,FLUSH
2C 4C 7C 8C TC,1521,FLUSH
2C 3C 7C 8C TC,1522,FLUSH
4C 5C 6C 8C TC,1523,FLUSH
3C 5C 6C 8C TC,1524,FLUSH
2C 5C 6C 8C TC,1525,FLUSH
3C 4C 6C 8C TC,1526,FLUSH
2C 4C 6C 8C TC,1527,FLUSH
2C 3C 6C 8C TC,1528,FLUSH
3C 4C 5C 8C TC,1529,FLUSH
2C 4C 5C 8C TC,1530,FLUSH
2C 3C 5C 8C TC,1531,FLUSH
2C 3C 4C 8C TC,1532,FLUSH
4C 5C 6C 7C TC,1533,FLUSH
3C 5C 6C 7C TC,1534,FLUSH
2C 5C 6C 7C TC,1535,FLUSH
3C 4C 6C 7C TC,1536,FLUSH
2C 4C 6C 7C TC,1537,FLUSH
2C 3C 6C 7C TC,1538,FLUSH
3C 4C 5C 7C TC,1539,FLUSH
2C 4C 5C 7C TC,1540,FLUSH
2C 3C 5C 7C TC,1541,FLUSH
2C 3C 4C 7C TC,1542,FLUSH
3C 4C 5C 6C TC,1543,FLUSH
2C 4C 5C 6C TC,1544,FLUSH
2C 3C 5C 6C TC,1545,FLUSH
2C 3C 4C 6C TC,1546,FLUSH
2C 3C 4C 5C TC,1547,FLUSH
4C 6C 7C 8C 9C,1548,FLUSH
3C 6C 7C 8C 9C,1549,FLUSH
2C 6C 7C 8C 9C,1550,FLUSH
4C 5C 7C 8C 9C,1551,FLUSH
3C 5C 7C 8C 9C,1552,FLUSH
2C 5C 7C 8C 9C,1553,FLUSH
3C 4C 7C 8C 9C,1554,FLUSH
2C 4C 7C 8C 9C,1555,FLUSH
2C 3C 7C 8C 9C,1556,FLUSH
4C 5C 6C 8C 9C,1557,FLUSH
3C 5C 6C 8C 9C,1558,FLUSH
2C 5C 6C 8C 9C,1559,FLUSH
3C 4C 6C 8C 9C,1560,FLUSH
2C 4C 6C 8C 9C,1561,FLUSH
2C 3C 6C 8C 9C,1562,FLUSH
3C 4C 5C 8C 9C,1563,FLUSH
2C 4C 5C 8C 9C,1564,FLUSH
2C 3C 5C 8C 9C,1565,FLUSH
2C 3C 4C 8C 9C,1566,FLUSH
4C 5C 6C 7C 9C,1567,FLUSH
3C 5C 6C 7C 9C,1568,FLUSH
2C 5C 6C 7C 9C,1569,FLUSH
3C 4C 6C 7C 9C,1570,FLUSH
2C 4C 6C 7C 9C,1571,FLUSH
2C 3C 6C 7C 9C,1572,FLUSH
3C 4C 5C 7C 9C,1573,FLUSH
2C 4C 5C 7C 9C,1574,FLUSH
2C 3C 5C 7C 9C,1575,FLUSH
2C 3C 4C 7C 9C,1576,FLUSH
3C 4C 5C 6C 9C,1577,FLUSH
2C 4C 5C 6C 9C,1578,FLUSH
2C 3C 5C 6C 9C,1579,FLUSH
2C 3C 4C 6C 9C,1580,FLUSH
2C 3C 4C 5C 9C,1581,FLUSH
3C 5C 6C 7C 8C,1582,FLUSH
2C 5C 6C 7C 8C,1583,FLUSH
3C 4C 6C 7C 8C,1584,FLUSH
2C 4C 6C 7C 8C,1585,FLUSH
2C 3C 6C 7C 8C,1586,FLUSH
3C 4C 5C 7C 8C,1587,FLUSH
2C 4C 5C 7C 8C,1588,FLUSH
2C 3C 5C 7C 8C,1589,FLUSH
2C 3C 4C 7C 8C,1590,FLUSH
3C 4C 5C 6C 8C,1591,FLUSH
2C 4C 5C 6C 8C,1592,FLUSH
2C 3C 5C 6C 8C,1593,FLUSH
2C 3C 4C 6C 8C,1594,FLUSH
2C 3C 4C 5C 8C,1595,FLUSH
2C 4C 5C 6C 7C,1596,FLUSH
2C 3C 5C 6C 7C,1597,FLUSH
2C 3C 4C 6C 7C,1598,FLUSH
2C 3C 4C 5C 7C,1599,FLUSH
TC JC QC KC AD,1600,STRAIGHT
9C TC JC QC KD,1601,STRAIGHT
8C 9C TC JC QD,1602,STRAIGHT
7C 8C 9C TC JD,1603,STRAIGHT
6C 7C 8C 9C TD,1604,STRAIGHT
5C 6C 7C 8C 9D,1605,STRAIGHT
4C 5C 6C 7C 8D,1606,STRAIGHT
3C 4C 5C 6C 7D,1607,STRAIGHT
2C 3C 4C 5C 6D,1608,STRAIGHT
2C 3C 4C 5C AD,1609,STRAIGHT
QC KC AC AD AH,1610,TRIPS
JC KC AC AD AH,1611,TRIPS
TC KC AC AD AH,1612,TRIPS
9C KC AC AD AH,1613,TRIPS
8C KC AC AD AH,1614,TRIPS
7C KC AC AD AH,1615,TRIPS
6C KC AC AD AH,1616,TRIPS
5C KC AC AD AH,1617,TRIPS
4C KC AC AD AH,1618,TRIPS
3C KC AC AD AH,1619,TRIPS
2C KC AC AD AH,1620,TRIPS
JC QC AC AD AH,1621,TRIPS
TC QC AC AD AH,1622,TRIPS
9C QC AC AD AH,1623,TRIPS
8C QC AC AD AH,1624,TRIPS
7C QC AC AD AH,1625,TRIPS
6C QC AC AD AH,1626,TRIPS
5C QC AC AD AH,1627,TRIPS
4C QC AC AD AH,1628,TRIPS
3C QC AC AD AH,1629,TRIPS
2C QC AC AD AH,1630,TRIPS
TC JC AC AD AH,1631,TRIPS
9C JC AC AD AH,1632,TRIPS
8C JC AC AD AH,1633,TRIPS
7C JC AC AD AH,1634,TRIPS
6C JC AC AD AH,1635,TRIPS
5C JC AC AD AH,1636,TRIPS
4C JC AC AD AH,1637,TRIPS
3C JC AC AD AH,1638,TRIPS
2C JC AC AD AH,1639,TRIPS
9C TC AC AD AH,1640,TRIPS
8C TC AC AD AH,1641,TRIPS
7C TC AC AD AH,1642,TRIPS
6C TC AC AD AH,1643,TRIPS
5C TC AC AD AH,1644,TRIPS
4C TC AC AD AH,1645,TRIPS
3C TC AC AD AH,1646,TRIPS
2C TC AC AD AH,1647,TRIPS
8C 9C AC AD AH,1648,TRIPS
7C 9C AC AD AH,1649,TRIPS
6C 9C AC AD AH,1650,TRIPS
5C 9C AC AD AH,1651,TRIPS
4C 9C AC AD AH,1652,TRIPS
3C 9C AC AD AH,1653,TRIPS
2C 9C AC AD AH,1654,TRIPS
7C 8C AC AD AH,1655,TRIPS
6C 8C AC AD AH,1656,TRIPS
5C 8C AC AD AH,1657,TRIPS
4C 8C AC AD AH,1658,TRIPS
3C 8C AC AD AH,1659,TRIPS
2C 8C AC AD AH,1660,TRIPS
6C 7C AC AD AH,1661,TRIPS
5C 7C AC AD AH,1662,TRIPS
4C 7C AC AD AH,1663,TRIPS
3C 7C AC AD AH,1664,TRIPS
2C 7C AC AD AH,1665,TRIPS
5C 6C AC AD AH,1666,TRIPS
4C 6C AC AD AH,1667,TRIPS
3C 6C AC AD AH,1668,TRIPS
2C 6C AC AD AH,1669,TRIPS
4C 5C AC AD AH,1670,TRIPS
3C 5C AC AD AH,1671,TRIPS
2C 5C AC AD AH,1672,TRIPS
3C 4C AC AD AH,1673,TRIPS
2C 4C AC AD AH,1674,TRIPS
2C 3C AC AD AH,1675,TRIPS
QC KC KD KH AC,1676,TRIPS
JC KC KD KH AC,1677,TRIPS
TC KC KD KH AC,1678,TRIPS
9C KC KD KH AC,1679,TRIPS
8C KC KD KH AC,1680,TRIPS
7C KC KD KH AC,1681,TRIPS
6C KC KD KH AC,1682,TRIPS
5C KC KD KH AC,1683,TRIPS
4C KC KD KH AC,1684,TRIPS
3C KC KD KH AC,1685,TRIPS
2C KC KD KH AC,1686,TRIPS
JC QC KC KD KH,1687,TRIPS
TC QC KC KD KH,1688,TRIPS
9C QC KC KD KH,1689,TRIPS
8C QC KC KD KH,1690,TRIPS
7C QC KC KD KH,1691,TRIPS
6C QC KC KD KH,1692,TRIPS
5C QC KC KD KH,1693,TRIPS
4C QC KC KD KH,1694,TRIPS
3C QC KC KD KH,1695,TRIPS
2C QC KC KD KH,1696,TRIPS
TC JC KC KD KH,1697,TRIPS
9C JC KC KD KH,1698,TRIPS
8C JC KC KD KH,1699,TRIPS
7C JC KC KD KH,1700,TRIPS
6C JC KC KD KH,1701,TRIPS
5C JC KC KD KH,1702,TRIPS
4C JC KC KD KH,1703,TRIPS
3C JC KC KD KH,1704,TRIPS
2C JC KC KD KH,1705,TRIPS
9C TC KC KD KH,1706,TRIPS
8C TC KC KD KH,1707,TRIPS
7C TC KC KD KH,1708,TRIPS
6C TC KC KD KH,1709,TRIPS
5C TC KC KD KH,1710,TRIPS
4C TC KC KD KH,1711,TRIPS
3C TC KC KD KH,1712,TRIPS
2C TC KC KD KH,1713,TRIPS
8C 9C KC KD KH,1714,TRIPS
7C 9C KC KD KH,1715,TRIPS
6C 9C KC KD KH,1716,TRIPS
5C 9C KC KD KH,1717,TRIPS
4C 9C KC KD KH,1718,TRIPS
3C 9C KC KD KH,1719,TRIPS
2C 9C KC KD KH,1720,TRIPS
7C 8C KC KD KH,1721,TRIPS
6C 8C KC KD KH,1722,TRIPS
5C 8C KC KD KH,1723,TRIPS
4C 8C KC KD KH,1724,TRIPS
3C 8C KC KD KH,1725,TRIPS
2C 8C KC KD KH,1726,TRIPS
6C 7C KC KD KH,1727,TRIPS
5C 7C KC KD KH,1728,TRIPS
4C 7C KC KD KH,1729,TRIPS
3C 7C KC KD KH,1730,TRIPS
2C 7C KC KD KH,1731,TRIPS
5C 6C KC KD KH,1732,TRIPS
4C 6C KC KD KH,1733,TRIPS
3C 6C KC KD KH,1734,TRIPS
2C 6C KC KD KH,1735,TRIPS
4C 5C KC KD KH,1736,TRIPS
3C 5C KC KD KH,1737,TRIPS
2C 5C KC KD KH,1738,TRIPS
3C 4C KC KD KH,1739,TRIPS
2C 4C KC KD KH,1740,TRIPS
2C 3C KC KD KH,1741,TRIPS
QC QD QH KC AC,1742,TRIPS
JC QC QD QH AC,1743,TRIPS
TC QC QD QH AC,1744,TRIPS
9C QC QD QH AC,1745,TRIPS
8C QC QD QH AC,1746,TRIPS
7C QC QD QH AC,1747,TRIPS
6C QC QD QH AC,1748,TRIPS
5C QC QD QH AC,1749,TRIPS
4C QC QD QH AC,1750,TRIPS
3C QC QD QH AC,1751,TRIPS
2C QC QD QH AC,1752,TRIPS
JC QC QD QH KC,1753,TRIPS
TC QC QD QH KC,1754,TRIPS
9C QC QD QH KC,1755,TRIPS
8C QC QD QH KC,1756,TRIPS
7C QC QD QH KC,1757,TRIPS
6C QC QD QH KC,1758,TRIPS
5C QC QD QH KC,1759,TRIPS
4C QC QD QH KC,1760,TRIPS
3C QC QD QH KC,1761,TRIPS
2C QC QD QH KC,1762,TRIPS
TC JC QC QD QH,1763,TRIPS
9C JC QC QD QH,1764,TRIPS
8C JC QC QD QH,1765,TRIPS
7C JC QC QD QH,1766,TRIPS
6C JC QC QD QH,1767,TRIPS
5C JC QC QD QH,1768,TRIPS
4C JC QC QD QH,1769,TRIPS
3C JC QC QD QH,1770,TRIPS
2C JC QC QD QH,1771,TRIPS
9C TC QC QD QH,1772,TRIPS
8C TC QC QD QH,1773,TRIPS
7C TC QC QD QH,1774,TRIPS
6C TC QC QD QH,1775,TRIPS
5C TC QC QD QH,1776,TRIPS
4C TC QC QD QH,1777,TRIPS
3C TC QC QD QH,1778,TRIPS
2C TC QC QD QH,1779,TRIPS
8C 9C QC QD QH,1780,TRIPS
7C 9C QC QD QH,1781,TRIPS
6C 9C QC QD QH,1782,TRIPS
5C 9C QC QD QH,1783,TRIPS
4C 9C QC QD QH,1784,TRIPS
3C 9C QC QD QH,1785,TRIPS
2C 9C QC QD QH,1786,TRIPS
7C 8C QC QD QH,1787,TRIPS
6C 8C QC QD QH,1788,TRIPS
5C 8C QC QD QH,1789,TRIPS
4C 8C QC QD QH,1790,TRIPS
3C 8C QC QD QH,1791,TRIPS
2C 8C QC QD QH,1792,TRIPS
6C 7C QC QD QH,1793,TRIPS
5C 7C QC QD QH,1794,TRIPS
4C 7C QC QD QH,1795,TRIPS
3C 7C QC QD QH,1796,TRIPS
2C 7C QC QD QH,1797,TRIPS
5C 6C QC QD QH,1798,TRIPS
4C 6C QC QD QH,1799,TRIPS
3C 6C QC QD QH,1800,TRIPS
2C 6C QC QD QH,1801,TRIPS
4C 5C QC QD QH,1802,TRIPS
3C 5C QC QD QH,1803,TRIPS
2C 5C QC QD QH,1804,TRIPS
3C 4C QC QD QH,1805,TRIPS
2C 4C QC QD QH,1806,TRIPS
2C 3C QC QD QH,1807,TRIPS
JC JD JH KC AC,1808,TRIPS
JC JD JH QC AC,1809,TRIPS
TC JC JD JH AC,1810,TRIPS
9C JC JD JH AC,1811,TRIPS
8C JC JD JH AC,1812,TRIPS
7C JC JD JH AC,1813,TRIPS
6C JC JD JH AC,1814,TRIPS
5C JC JD JH AC,1815,TRIPS
4C JC JD JH AC,1816,TRIPS
3C JC JD JH AC,1817,TRIPS
2C JC JD JH AC,1818,TRIPS
JC JD JH QC KC,1819,TRIPS
TC JC JD JH KC,1820,TRIPS
9C JC JD JH KC,1821,TRIPS
8C JC JD JH KC,1822,TRIPS
7C JC JD JH KC,1823,TRIPS
6C JC JD JH KC,1824,TRIPS
5C JC JD JH KC,1825,TRIPS
4C JC JD JH KC,1826,TRIPS
3C JC JD JH KC,1827,TRIPS
2C JC JD JH KC,1828,TRIPS
TC JC JD JH QC,1829,TRIPS
9C JC JD JH QC,1830,TRIPS
8C JC JD JH QC,1831,TRIPS
7C JC JD JH QC,1832,TRIPS
6C JC JD JH QC,1833,TRIPS
5C JC JD JH QC,1834,TRIPS
4C JC JD JH QC,1835,TRIPS
3C JC JD JH QC,1836,TRIPS
2C JC JD JH QC,1837,TRIPS
9C TC JC JD JH,1838,TRIPS
8C TC JC JD JH,1839,TRIPS
7C TC JC JD JH,1840,TRIPS
6C TC JC JD JH,1841,TRIPS
5C TC JC JD JH,1842,TRIPS
4C TC JC JD JH,1843,TRIPS
3C TC JC JD JH,1844,TRIPS
2C TC JC JD JH,1845,TRIPS
8C 9C JC JD JH,1846,TRIPS
7C 9C JC JD JH,1847,TRIPS
6C 9C JC JD JH,1848,TRIPS
5C 9C JC JD JH,1849,TRIPS
4C 9C JC JD JH,1850,TRIPS
3C 9C JC JD JH,1851,TRIPS
2C 9C JC JD JH,1852,TRIPS
7C 8C JC JD JH,1853,TRIPS
6C 8C JC JD JH,1854,TRIPS
5C 8C JC JD JH,1855,TRIPS
4C 8C JC JD JH,1856,TRIPS
3C 8C JC JD JH,1857,TRIPS
2C 8C JC JD JH,1858,TRIPS
6C 7C JC JD JH,1859,TRIPS
5C 7C JC JD JH,1860,TRIPS
4C 7C JC JD JH,1861,TRIPS
3C 7C JC JD JH,1862,TRIPS
2C 7C JC JD JH,1863,TRIPS
5C 6C JC JD JH,1864,TRIPS
4C 6C JC JD JH,1865,TRIPS
3C 6C JC JD JH,1866,TRIPS
2C 6C JC JD JH,1867,TRIPS
4C 5C JC JD JH,1868,TRIPS
3C 5C JC JD JH,1869,TRIPS
2C 5C JC JD JH,1870,TRIPS
3C 4C JC JD JH,1871,TRIPS
2C 4C JC JD JH,1872,TRIPS
2C 3C JC JD JH,1873,TRIPS
TC TD TH KC AC,1874,TRIPS
TC TD TH QC AC,1875,TRIPS
TC TD TH JC AC,1876,TRIPS
9C TC TD TH AC,1877,TRIPS
8C TC TD TH AC,1878,TRIPS
7C TC TD TH AC,1879,TRIPS
6C TC TD TH AC,1880,TRIPS
5C TC TD TH AC,1881,TRIPS
4C TC TD TH AC,1882,TRIPS
3C TC TD TH AC,1883,TRIPS
2C TC TD TH AC,1884,TRIPS
TC TD TH QC KC,1885,TRIPS
TC TD TH JC KC,1886,TRIPS
9C TC TD TH KC,1887,TRIPS
8C TC TD TH KC,1888,TRIPS
7C TC TD TH KC,1889,TRIPS
6C TC TD TH KC,1890,TRIPS
5C TC TD TH KC,1891,TRIPS
4C TC TD TH KC,1892,TRIPS
3C TC TD TH KC,1893,TRIPS
2C TC TD TH KC,1894,TRIPS
TC TD TH JC QC,1895,TRIPS
9C TC TD TH QC,1896,TRIPS
8C TC TD TH QC,1897,TRIPS
7C TC TD TH QC,1898,TRIPS
6C TC TD TH QC,1899,TRIPS
5C TC TD TH QC,1900,TRIPS
4C TC TD TH QC,1901,TRIPS
3C TC TD TH QC,1902,TRIPS
2C TC TD TH QC,1903,TRIPS
9C TC TD TH JC,1904,TRIPS
8C TC TD TH JC,1905,TRIPS
7C TC TD TH JC,1906,TRIPS
6C TC TD TH JC,1907,TRIPS
5C TC TD TH JC,1908,TRIPS
4C TC TD TH JC,1909,TRIPS
3C TC TD TH JC,1910,TRIPS
2C TC TD TH JC,1911,TRIPS
8C 9C TC TD TH,1912,TRIPS
7C 9C TC TD TH,1913,TRIPS
6C 9C TC TD TH,1914,TRIPS
5C 9C TC TD TH,1915,TRIPS
4C 9C TC TD TH,1916,TRIPS
3C 9C TC TD TH,1917,TRIPS
2C 9C TC TD TH,1918,TRIPS
7C 8C TC TD TH,1919,TRIPS
6C 8C TC TD TH,1920,TRIPS
5C 8C TC TD TH,1921,TRIPS
4C 8C TC TD TH,1922,TRIPS
3C 8C TC TD TH,1923,TRIPS
2C 8C TC TD TH,1924,TRIPS
6C 7C TC TD TH,1925,TRIPS
5C 7C TC TD TH,1926,TRIPS
4C 7C TC TD TH,1927,TRIPS
3C 7C TC TD TH,1928,TRIPS
2C 7C TC TD TH,1929,TRIPS
5C 6C TC TD TH,1930,TRIPS
4C 6C TC TD TH,1931,TRIPS
3C 6C TC TD TH,1932,TRIPS
2C 6C TC TD TH,1933,TRIPS
4C 5C TC TD TH,1934,TRIPS
3C 5C TC TD TH,1935,TRIPS
2C 5C TC TD TH,1936,TRIPS
3C 4C TC TD TH,1937,TRIPS
2C 4C TC TD TH,1938,TRIPS
2C 3C TC TD TH,1939,TRIPS
9C 9D 9H KC AC,1940,TRIPS
9C 9D 9H QC AC,1941,TRIPS
9C 9D 9H JC AC,1942,TRIPS
9C 9D 9H TC AC,1943,TRIPS
8C 9C 9D 9H AC,1944,TRIPS
7C 9C 9D 9H AC,1945,TRIPS
6C 9C 9D 9H AC,1946,TRIPS
5C 9C 9D 9H AC,1947,TRIPS
4C 9C 9D 9H AC,1948,TRIPS
3C 9C 9D 9H AC,1949,TRIPS
2C 9C 9D 9H AC,1950,TRIPS
9C 9D 9H QC KC,1951,TRIPS
9C 9D 9H JC KC,1952,TRIPS
9C 9D 9H TC KC,1953,TRIPS
8C 9C 9D 9H KC,1954,TRIPS
7C 9C 9D 9H KC,1955,TRIPS
6C 9C 9D 9H KC,1956,TRIPS
5C 9C 9D 9H KC,1957,TRIPS
4C 9C 9D 9H KC,1958,TRIPS
3C 9C 9D 9H KC,1959,TRIPS
2C 9C 9D 9H KC,1960,TRIPS
9C 9D 9H JC QC,1961,TRIPS
9C 9D 9H TC QC,1962,TRIPS
8C 9C 9D 9H QC,1963,TRIPS
7C 9C 9D 9H QC,1964,TRIPS
6C 9C 9D 9H QC,1965,TRIPS
5C 9C 9D 9H QC,1966,TRIPS
4C 9C 9D 9H QC,1967,TRIPS
3C 9C 9D 9H QC,1968,TRIPS
2C 9C 9D 9H QC,1969,TRIPS
9C 9D 9H TC JC,1970,TRIPS
8C 9C 9D 9H JC,1971,TRIPS
7C 9C 9D 9H JC,1972,TRIPS
6C 9C 9D 9H JC,1973,TRIPS
5C 9C 9D 9H JC,1974,TRIPS
4C 9C 9D 9H JC,1975,TRIPS
3C 9C 9D 9H JC,1976,TRIPS
2C 9C 9D 9H JC,1977,TRIPS
8C 9C 9D 9H TC,1978,TRIPS
7C 9C 9D 9H TC,1979,TRIPS
6C 9C 9D 9H TC,1980,TRIPS
5C 9C 9D 9H TC,1981,TRIPS
4C 9C 9D 9H TC,1982,TRIPS
3C 9C 9D 9H TC,1983,TRIPS
2C 9C 9D 9H TC,1984,TRIPS
7C 8C 9C 9D 9H,1985,TRIPS
6C 8C 9C 9D 9H,1986,TRIPS
5C 8C 9C 9D 9H,1987,TRIPS
4C 8C 9C 9D 9H,1988,TRIPS
3C 8C 9C 9D 9H,1989,TRIPS
2C 8C 9C 9D 9H,1990,TRIPS
6C 7C 9C 9D 9H,1991,TRIPS
5C 7C 9C 9D 9H,1992,TRIPS
4C 7C 9C 9D 9H,1993,TRIPS
3C 7C 9C 9D 9H,1994,TRIPS
2C 7C 9C 9D 9H,1995,TRIPS
5C 6C 9C 9D 9H,1996,TRIPS
4C 6C 9C 9D 9H,1997,TRIPS
3C 6C 9C 9D 9H,1998,TRIPS
2C 6C 9C 9D 9H,1999,TRIPS
4C 5C 9C 9D 9H,2000,TRIPS
3C 5C 9C 9D 9H,2001,TRIPS
2C 5C 9C 9D 9H,2002,TRIPS
3C 4C 9C 9D 9H,2003,TRIPS
2C 4C 9C 9D 9H,2004,TRIPS
2C 3C 9C 9D 9H,2005,TRIPS
8C 8D 8H KC AC,2006,TRIPS
8C 8D 8H QC AC,2007,TRIPS
8C 8D 8H JC AC,2008,TRIPS
8C 8D 8H TC AC,2009,TRIPS
8C 8D 8H 9C AC,2010,TRIPS
7C 8C 8D 8H AC,2011,TRIPS
6C 8C 8D 8H AC,2012,TRIPS
5C 8C 8D 8H AC,2013,TRIPS
4C 8C 8D 8H AC,2014,TRIPS
3C 8C 8D 8H AC,2015,TRIPS
2C 8C 8D 8H AC,2016,TRIPS
8C 8D 8H QC KC,2017,TRIPS
8C 8D 8H JC KC,2018,TRIPS
8C 8D 8H TC KC,2019,TRIPS
8C 8D 8H 9C KC,2020,TRIPS
7C 8C 8D 8H KC,2021,TRIPS
6C 8C 8D 8H KC,2022,TRIPS
5C 8C 8D 8H KC,2023,TRIPS
4C 8C 8D 8H KC,2024,TRIPS
3C 8C 8D 8H KC,2025,TRIPS
2C 8C 8D 8H KC,2026,TRIPS
8C 8D 8H JC QC,2027,TRIPS
8C 8D 8H TC QC,2028,TRIPS
8C 8D 8H 9C QC,2029,TRIPS
7C 8C 8D 8H QC,2030,TRIPS
6C 8C 8D 8H QC,2031,TRIPS
5C 8C 8D 8H QC,2032,TRIPS
4C 8C 8D 8H QC,2033,TRIPS
3C 8C 8D 8H QC,2034,TRIPS
2C 8C 8D 8H QC,2035,TRIPS
8C 8D 8H TC JC,2036,TRIPS
8C 8D 8H 9C JC,2037,TRIPS
7C 8C 8D 8H JC,2038,TRIPS
6C 8C 8D 8H JC,2039,TRIPS
5C 8C 8D 8H JC,2040,TRIPS
4C 8C 8D 8H JC,2041,TRIPS
3C 8C 8D 8H JC,2042,TRIPS
2C 8C 8D 8H JC,2043,TRIPS
8C 8D 8H 9C TC,2044,TRIPS
7C 8C 8D 8H TC,2045,TRIPS
6C 8C 8D 8H TC,2046,TRIPS
5C 8C 8D 8H TC,2047,TRIPS
4C 8C 8D 8H TC,2048,TRIPS
3C 8C 8D 8H TC,2049,TRIPS
2C 8C 8D 8H TC,2050,TRIPS
7C 8C 8D 8H 9C,2051,TRIPS
6C 8C 8D 8H 9C,2052,TRIPS
5C 8C 8D 8H 9C,2053,TRIPS
4C 8C 8D 8H 9C,2054,TRIPS
3C 8C 8D 8H 9C,2055,TRIPS
2C 8C 8D 8H 9C,2056,TRIPS
6C 7C 8C 8D 8H,2057,TRIPS
5C 7C 8C 8D 8H,2058,TRIPS
4C 7C 8C 8D 8H,2059,TRIPS
3C 7C 8C 8D 8H,2060,TRIPS
2C 7C 8C 8D 8H,2061,TRIPS
5C 6C 8C 8D 8H,2062,TRIPS
4C 6C 8C 8D 8H,2063,TRIPS
3C 6C 8C 8D 8H,2064,TRIPS
2C 6C 8C 8D 8H,2065,TRIPS
4C 5C 8C 8D 8H,2066,TRIPS
3C 5C 8C 8D 8H,2067,TRIPS
2C 5C 8C 8D 8H,2068,TRIPS
3C 4C 8C 8D 8H,2069,TRIPS
2C 4C 8C 8D 8H,2070,TRIPS
2C 3C 8C 8D 8H,2071,TRIPS
7C 7D 7H KC AC,2072,TRIPS
7C 7D 7H QC AC,2073,TRIPS
7C 7D 7H JC AC,2074,TRIPS
7C 7D 7H TC AC,2075,TRIPS
7C 7D 7H 9C AC,2076,TRIPS
7C 7D 7H 8C AC,2077,TRIPS
6C 7C 7D 7H AC,2078,TRIPS
5C 7C 7D 7H AC,2079,TRIPS
4C 7C 7D 7H AC,2080,TRIPS
3C 7C 7D 7H AC,2081,TRIPS
2C 7C 7D 7H AC,2082,TRIPS
7C 7D 7H QC KC,2083,TRIPS
7C 7D 7H JC KC,2084,TRIPS
7C 7D 7H TC KC,2085,TRIPS
7C 7D 7H 9C KC,2086,TRIPS
7C 7D 7H 8C KC,2087,TRIPS
6C 7C 7D 7H KC,2088,TRIPS
5C 7C 7D 7H KC,2089,TRIPS
4C 7C 7D 7H KC,2090,TRIPS
3C 7C 7D 7H KC,2091,TRIPS
2C 7C 7D 7H KC,2092,TRIPS
7C 7D 7H JC QC,2093,TRIPS
7C 7D 7H TC QC,2094,TRIPS
7C 7D 7H 9C QC,2095,TRIPS
7C 7D 7H 8C QC,2096,TRIPS
6C 7C 7D 7H QC,2097,TRIPS
5C 7C 7D 7H QC,2098,TRIPS
4C 7C 7D 7H QC,2099,TRIPS
3C 7C 7D 7H QC,2100,TRIPS
2C 7C 7D 7H QC,2101,TRIPS
7C 7D 7H TC JC,2102,TRIPS
7C 7D 7H 9C JC,2103,TRIPS
7C 7D 7H 8C JC,2104,TRIPS
6C 7C 7D 7H JC,2105,TRIPS
5C 7C 7D 7H JC,2106,TRIPS
4C 7C 7D 7H JC,2107,TRIPS
3C 7C 7D 7H JC,2108,TRIPS
2C 7C 7D 7H JC,2109,TRIPS
7C 7D 7H 9C TC,2110,TRIPS
7C 7D 7H 8C TC,2111,TRIPS
6C 7C 7D 7H TC,2112,TRIPS
5C 7C 7D 7H TC,2113,TRIPS
4C 7C 7D 7H TC,2114,TRIPS
3C 7C 7D 7H TC,2115,TRIPS
2C 7C 7D 7H TC,2116,TRIPS
7C 7D 7H 8C 9C,2117,TRIPS
6C 7C 7D 7H 9C,2118,TRIPS
5C 7C 7D 7H 9C,2119,TRIPS
4C 7C 7D 7H 9C,2120,TRIPS
3C 7C 7D 7H 9C,2121,TRIPS
2C 7C 7D 7H 9C,2122,TRIPS
6C 7C 7D 7H 8C,2123,TRIPS
5C 7C 7D 7H 8C,2124,TRIPS
4C 7C 7D 7H 8C,2125,TRIPS
3C 7C 7D 7H 8C,2126,TRIPS
2C 7C 7D 7H 8C,2127,TRIPS
5C 6C 7C 7D 7H,2128,TRIPS
4C 6C 7C 7D 7H,2129,TRIPS
3C 6C 7C 7D 7H,2130,TRIPS
2C 6C 7C 7D 7H,2131,TRIPS
4C 5C 7C 7D 7H,2132,TRIPS
3C 5C 7C 7D 7H,2133,TRIPS
2C 5C 7C 7D 7H,2134,TRIPS
3C 4C 7C 7D 7H,2135,TRIPS
2C 4C 7C 7D 7H,2136,TRIPS
2C 3C 7C 7D 7H,2137,TRIPS
6C 6D 6H KC AC,2138,TRIPS
6C 6D 6H QC AC,2139,TRIPS
6C 6D 6H JC AC,2140,TRIPS
6C 6D 6H TC AC,2141,TRIPS
6C 6D 6H 9C AC,2142,TRIPS
6C 6D 6H 8C AC,2143,TRIPS
6C 6D 6H 7C AC,2144,TRIPS
5C 6C 6D 6H AC,2145,TRIPS
4C 6C 6D 6H AC,2146,TRIPS
3C 6C 6D 6H AC,2147,TRIPS
2C 6C 6D 6H AC,2148,TRIPS
6C 6D 6H QC KC,2149,TRIPS
6C 6D 6H JC KC,2150,TRIPS
6C 6D 6H TC KC,2151,TRIPS
6C 6D 6H 9C KC,2152,TRIPS
6C 6D 6H 8C KC,2153,TRIPS
6C 6D 6H 7C KC,2154,TRIPS
5C 6C 6D 6H KC,2155,TRIPS
4C 6C 6D 6H KC,2156,TRIPS
3C 6C 6D 6H KC,2157,TRIPS
2C 6C 6D 6H KC,2158,TRIPS
6C 6D 6H JC QC,2159,TRIPS
6C 6D 6H TC QC,2160,TRIPS
6C 6D 6H 9C QC,2161,TRIPS
6C 6D 6H 8C QC,2162,TRIPS
6C 6D 6H 7C QC,2163,TRIPS
5C 6C 6D 6H QC,2164,TRIPS
4C 6C 6D 6H QC,2165,TRIPS
3C 6C 6D 6H QC,2166,TRIPS
2C 6C 6D 6H QC,2167,TRIPS
6C 6D 6H TC JC,2168,TRIPS
6C 6D 6H 9C JC,2169,TRIPS
6C 6D 6H 8C JC,2170,TRIPS
6C 6D 6H 7C JC,2171,TRIPS
5C 6C 6D 6H JC,2172,TRIPS
4C 6C 6D 6H JC,2173,TRIPS
3C 6C 6D 6H JC,2174,TRIPS
2C 6C 6D 6H JC,2175,TRIPS
6C 6D 6H 9C TC,2176,TRIPS
6C 6D 6H 8C TC,2177,TRIPS
6C 6D 6H 7C TC,2178,TRIPS
5C 6C 6D 6H TC,2179,TRIPS
4C 6C 6D 6H TC,2180,TRIPS
3C 6C 6D 6H TC,2181,TRIPS
2C 6C 6D 6H TC,2182,TRIPS
6C 6D 6H 8C 9C,2183,TRIPS
6C 6D 6H 7C 9C,2184,TRIPS
5C 6C 6D 6H 9C,2185,TRIPS
4C 6C 6D 6H 9C,2186,TRIPS
3C 6C 6D 6H 9C,2187,TRIPS
2C 6C 6D 6H 9C,2188,TRIPS
6C 6D 6H 7C 8C,2189,TRIPS
5C 6C 6D 6H 8C,2190,TRIPS
4C 6C 6D 6H 8C,2191,TRIPS
3C 6C 6D 6H 8C,2192,TRIPS
2C 6C 6D 6H 8C,2193,TRIPS
5C 6C 6D 6H 7C,2194,TRIPS
4C 6C 6D 6H 7C,2195,TRIPS
3C 6C 6D 6H 7C,2196,TRIPS
2C 6C 6D 6H 7C,2197,TRIPS
4C 5C 6C 6D 6H,2198,TRIPS
3C 5C 6C 6D 6H,2199,TRIPS
2C 5C 6C 6D 6H,2200,TRIPS
3C 4C 6C 6D 6H,2201,TRIPS
2C 4C 6C 6D 6H,2202,TRIPS
2C 3C 6C 6D 6H,2203,TRIPS
5C 5D 5H KC AC,2204,TRIPS
5C 5D 5H QC AC,2205,TRIPS
5C 5D 5H JC AC,2206,TRIPS
5C 5D 5H TC AC,2207,TRIPS
5C 5D 5H 9C AC,2208,TRIPS
5C 5D 5H 8C AC,2209,TRIPS
5C 5D 5H 7C AC,2210,TRIPS
5C 5D 5H 6C AC,2211,TRIPS
4C 5C 5D 5H AC,2212,TRIPS
3C 5C 5D 5H AC,2213,TRIPS
2C 5C 5D 5H AC,2214,TRIPS
5C 5D 5H QC KC,2215,TRIPS
5C 5D 5H JC KC,2216,TRIPS
5C 5D 5H TC KC,2217,TRIPS
5C 5D 5H 9C KC,2218,TRIPS
5C 5D 5H 8C KC,2219,TRIPS
5C 5D 5H 7C KC,2220,TRIPS
5C 5D 5H 6C KC,2221,TRIPS
4C 5C 5D 5H KC,2222,TRIPS
3C 5C 5D 5H KC,2223,TRIPS
2C 5C 5D 5H KC,2224,TRIPS
5C 5D 5H JC QC,2225,TRIPS
5C 5D 5H TC QC,2226,TRIPS
5C 5D 5H 9C QC,2227,TRIPS
5C 5D 5H 8C QC,2228,TRIPS
5C 5D 5H 7C QC,2229,TRIPS
5C 5D 5H 6C QC,2230,TRIPS
4C 5C 5D 5H QC,2231,TRIPS
3C 5C 5D 5H QC,2232,TRIPS
2C 5C 5D 5H QC,2233,TRIPS
5C 5D 5H TC JC,2234,TRIPS
5C 5D 5H 9C JC,2235,TRIPS
5C 5D 5H 8C JC,2236,TRIPS
5C 5D 5H 7C JC,2237,TRIPS
5C 5D 5H 6C JC,2238,TRIPS
4C 5C 5D 5H JC,2239,TRIPS
3C 5C 5D 5H JC,2240,TRIPS
2C 5C 5D 5H JC,2241,TRIPS
5C 5D 5H 9C TC,2242,TRIPS
5C 5D 5H 8C TC,2243,TRIPS
5C 5D 5H 7C TC,2244,TRIPS
5C 5D 5H 6C TC,2245,TRIPS
4C 5C 5D 5H TC,2246,TRIPS
3C 5C 5D 5H TC,2247,TRIPS
2C 5C 5D 5H TC,2248,TRIPS
5C 5D 5H 8C 9C,2249,TRIPS
5C 5D 5H 7C 9C,2250,TRIPS
5C 5D 5H 6C 9C,2251,TRIPS
4C 5C 5D 5H 9C,2252,TRIPS
3C 5C 5D 5H 9C,2253,TRIPS
2C 5C 5D 5H 9C,2254,TRIPS
5C 5D 5H 7C 8C,2255,TRIPS
5C 5D 5H 6C 8C,2256,TRIPS
4C 5C 5D 5H 8C,2257,TRIPS
3C 5C 5D 5H 8C,2258,TRIPS
2C 5C 5D 5H 8C,2259,TRIPS
5C 5D 5H 6C 7C,2260,TRIPS
4C 5C 5D 5H 7C,2261,TRIPS
3C 5C 5D 5H 7C,2262,TRIPS
2C 5C 5D 5H 7C,2263,TRIPS
4C 5C 5D 5H 6C,2264,TRIPS
3C 5C 5D 5H 6C,2265,TRIPS
2C 5C 5D 5H 6C,2266,TRIPS
3C 4C 5C 5D 5H,2267,TRIPS
2C 4C 5C 5D 5H,2268,TRIPS
2C 3C 5C 5D 5H,2269,TRIPS
4C 4D 4H KC AC,2270,TRIPS
4C 4D 4H QC AC,2271,TRIPS
4C 4D 4H JC AC,2272,TRIPS
4C 4D 4H TC AC,2273,TRIPS
4C 4D 4H 9C AC,2274,TRIPS
4C 4D 4H 8C AC,2275,TRIPS
4C 4D 4H 7C AC,2276,TRIPS
4C 4D 4H 6C AC,2277,TRIPS
4C 4D 4H 5C AC,2278,TRIPS
3C 4C 4D 4H AC,2279,TRIPS
2C 4C 4D 4H AC,2280,TRIPS
4C 4D 4H QC KC,2281,TRIPS
4C 4D 4H JC KC,2282,TRIPS
4C 4D 4H TC KC,2283,TRIPS
4C 4D 4H 9C KC,2284,TRIPS
4C 4D 4H 8C KC,2285,TRIPS
4C 4D 4H 7C KC,2286,TRIPS
4C 4D 4H 6C KC,2287,TRIPS
4C 4D 4H 5C KC,2288,TRIPS
3C 4C 4D 4H KC,2289,TRIPS
2C 4C 4D 4H KC,2290,TRIPS
4C 4D 4H JC QC,2291,TRIPS
4C 4D 4H TC QC,2292,TRIPS
4C 4D 4H 9C QC,2293,TRIPS
4C 4D 4H 8C QC,2294,TRIPS
4C 4D 4H 7C QC,2295,TRIPS
4C 4D 4H 6C QC,2296,TRIPS
4C 4D 4H 5C QC,2297,TRIPS
3C 4C 4D 4H QC,2298,TRIPS
2C 4C 4D 4H QC,2299,TRIPS
4C 4D 4H TC JC,2300,TRIPS
4C 4D 4H 9C JC,2301,TRIPS
4C 4D 4H 8C JC,2302,TRIPS
4C 4D 4H 7C JC,2303,TRIPS
4C 4D 4H 6C JC,2304,TRIPS
4C 4D 4H 5C JC,2305,TRIPS
3C 4C 4D 4H JC,2306,TRIPS
2C 4C 4D 4H JC,2307,TRIPS
4C 4D 4H 9C TC,2308,TRIPS
4C 4D 4H 8C TC,2309,TRIPS
4C 4D 4H 7C TC,2310,TRIPS
4C 4D 4H 6C TC,2311,TRIPS
4C 4D 4H 5C TC,2312,TRIPS
3C 4C 4D 4H TC,2313,TRIPS
2C 4C 4D 4H TC,2314,TRIPS
4C 4D 4H 8C 9C,2315,TRIPS
4C 4D 4H 7C 9C,2316,TRIPS
4C 4D 4H 6C 9C,2317,TRIPS
4C 4D 4H 5C 9C,2318,TRIPS
3C 4C 4D 4H 9C,2319,TRIPS
2C 4C 4D 4H 9C,2320,TRIPS
4C 4D 4H 7C 8C,2321,TRIPS
4C 4D 4H 6C 8C,2322,TRIPS
4C 4D 4H 5C 8C,2323,TRIPS
3C 4C 4D 4H 8C,2324,TRIPS
2C 4C 4D 4H 8C,2325,TRIPS
4C 4D 4H 6C 7C,2326,TRIPS
4C 4D 4H 5C 7C,2327,TRIPS
3C 4C 4D 4H 7C,2328,TRIPS
2C 4C 4D 4H 7C,2329,TRIPS
4C 4D 4H 5C 6C,2330,TRIPS
3C 4C 4D 4H 6C,2331,TRIPS
2C 4C 4D 4H 6C,2332,TRIPS
3C 4C 4D 4H 5C,2333,TRIPS
2C 4C 4D 4H 5C,2334,TRIPS
2C 3C 4C 4D 4H,2335,TRIPS
3C 3D 3H KC AC,2336,TRIPS
3C 3D 3H QC AC,2337,TRIPS
3C 3D 3H JC AC,2338,TRIPS
3C 3D 3H TC AC,2339,TRIPS
3C 3D 3H 9C AC,2340,TRIPS
3C 3D 3H 8C AC,2341,TRIPS
3C 3D 3H 7C AC,2342,TRIPS
3C 3D 3H 6C AC,2343,TRIPS
3C 3D 3H 5C AC,2344,TRIPS
3C 3D 3H 4C AC,2345,TRIPS
2C 3C 3D 3H AC,2346,TRIPS
3C 3D 3H QC KC,2347,TRIPS
3C 3D 3H JC KC,2348,TRIPS
3C 3D 3H TC KC,2349,TRIPS
3C 3D 3H 9C KC,2350,TRIPS
3C 3D 3H 8C KC,2351,TRIPS
3C 3D 3H 7C KC,2352,TRIPS
3C 3D 3H 6C KC,2353,TRIPS
3C 3D 3H 5C KC,2354,TRIPS
3C 3D 3H 4C KC,2355,TRIPS
2C 3C 3D 3H KC,2356,TRIPS
3C 3D 3H JC QC,2357,TRIPS
3C 3D 3H TC QC,2358,TRIPS
3C 3D 3H 9C QC,2359,TRIPS
3C 3D 3H 8C QC,2360,TRIPS
3C 3D 3H 7C QC,2361,TRIPS
3C 3D 3H 6C QC,2362,TRIPS
3C 3D 3H 5C QC,2363,TRIPS
3C 3D 3H 4C QC,2364,TRIPS
2C 3C 3D 3H QC,2365,TRIPS
3C 3D 3H TC JC,2366,TRIPS
3C 3D 3H 9C JC,2367,TRIPS
3C 3D 3H 8C JC,2368,TRIPS
3C 3D 3H 7C JC,2369,TRIPS
3C 3D 3H 6C JC,2370,TRIPS
3C 3D 3H 5C JC,2371,TRIPS
3C 3D 3H 4C JC,2372,TRIPS
2C 3C 3D 3H JC,2373,TRIPS
3C 3D 3H 9C TC,2374,TRIPS
3C 3D 3H 8C TC,2375,TRIPS
3C 3D 3H 7C TC,2376,TRIPS
3C 3D 3H 6C TC,2377,TRIPS
3C 3D 3H 5C TC,2378,TRIPS
3C 3D 3H 4C TC,2379,TRIPS
2C 3C 3D 3H TC,2380,TRIPS
3C 3D 3H 8C 9C,2381,TRIPS
3C 3D 3H 7C 9C,2382,TRIPS
3C 3D 3H 6C 9C,2383,TRIPS
3C 3D 3H 5C 9C,2384,TRIPS
3C 3D 3H 4C 9C,2385,TRIPS
2C 3C 3D 3H 9C,2386,TRIPS
3C 3D 3H 7C 8C,2387,TRIPS
3C 3D 3H 6C 8C,2388,TRIPS
3C 3D 3H 5C 8C,2389,TRIPS
3C 3D 3H 4C 8C,2390,TRIPS
2C 3C 3D 3H 8C,2391,TRIPS
3C 3D 3H 6C 7C,2392,TRIPS
3C 3D 3H 5C 7C,2393,TRIPS
3C 3D 3H 4C 7C,2394,TRIPS
2C 3C 3D 3H 7C,2395,TRIPS
3C 3D 3H 5C 6C,2396,TRIPS
3C 3D 3H 4C 6C,2397,TRIPS
2C 3C 3D 3H 6C,2398,TRIPS
3C 3D 3H 4C 5C,2399,TRIPS
2C 3C 3D 3H 5C,2400,TRIPS
2C 3C 3D 3H 4C,2401,TRIPS
2C 2D 2H KC AC,2402,TRIPS
2C 2D 2H QC AC,2403,TRIPS
2C 2D 2H JC AC,2404,TRIPS
2C 2D 2H TC AC,2405,TRIPS
2C 2D 2H 9C AC,2406,TRIPS
2C 2D 2H 8C AC,2407,TRIPS
2C 2D 2H 7C AC,2408,TRIPS
2C 2D 2H 6C AC,2409,TRIPS
2C 2D 2H 5C AC,2410,TRIPS
2C 2D 2H 4C AC,2411,TRIPS
2C 2D 2H 3C AC,2412,TRIPS
2C 2D 2H QC KC,2413,TRIPS
2C 2D 2H JC KC,2414,TRIPS
2C 2D 2H TC KC,2415,TRIPS
2C 2D 2H 9C KC,2416,TRIPS
2C 2D 2H 8C KC,2417,TRIPS
2C 2D 2H 7C KC,2418,TRIPS
2C 2D 2H 6C KC,2419,TRIPS
2C 2D 2H 5C KC,2420,TRIPS
2C 2D 2H 4C KC,2421,TRIPS
2C 2D 2H 3C KC,2422,TRIPS
2C 2D 2H JC QC,2423,TRIPS
2C 2D 2H TC QC,2424,TRIPS
2C 2D 2H 9C QC,2425,TRIPS
2C 2D 2H 8C QC,2426,TRIPS
2C 2D 2H 7C QC,2427,TRIPS
2C 2D 2H 6C QC,2428,TRIPS
2C 2D 2H 5C QC,2429,TRIPS
2C 2D 2H 4C QC,2430,TRIPS
2C 2D 2H 3C QC,2431,TRIPS
2C 2D 2H TC JC,2432,TRIPS
2C 2D 2H 9C JC,2433,TRIPS
2C 2D 2H 8C JC,2434,TRIPS
2C 2D 2H 7C JC,2435,TRIPS
2C 2D 2H 6C JC,2436,TRIPS
2C 2D 2H 5C JC,2437,TRIPS
2C 2D 2H 4C JC,2438,TRIPS
2C 2D 2H 3C JC,2439,TRIPS
2C 2D 2H 9C TC,2440,TRIPS
2C 2D 2H 8C TC,2441,TRIPS
2C 2D 2H 7C TC,2442,TRIPS
2C 2D 2H 6C TC,2443,TRIPS
2C 2D 2H 5C TC,2444,TRIPS
2C 2D 2H 4C TC,2445,TRIPS
2C 2D 2H 3C TC,2446,TRIPS
2C 2D 2H 8C 9C,2447,TRIPS
2C 2D 2H 7C 9C,2448,TRIPS
2C 2D 2H 6C 9C,2449,TRIPS
2C 2D 2H 5C 9C,2450,TRIPS
2C 2D 2H 4C 9C,2451,TRIPS
2C 2D 2H 3C 9C,2452,TRIPS
2C 2D 2H 7C 8C,2453,TRIPS
2C 2D 2H 6C 8C,2454,TRIPS
2C 2D 2H 5C 8C,2455,TRIPS
2C 2D 2H 4C 8C,2456,TRIPS
2C 2D 2H 3C 8C,2457,TRIPS
2C 2D 2H 6C 7C,2458,TRIPS
2C 2D 2H 5C 7C,2459,TRIPS
2C 2D 2H 4C 7C,2460,TRIPS
2C 2D 2H 3C 7C,2461,TRIPS
2C 2D 2H 5C 6C,2462,TRIPS
2C 2D 2H 4C 6C,2463,TRIPS
2C 2D 2H 3C 6C,2464,TRIPS
2C 2D 2H 4C 5C,2465,TRIPS
2C 2D 2H 3C 5C,2466,TRIPS
2C 2D 2H 3C 4C,2467,TRIPS
QC KC KD AC AD,2468,TWO_PAIR
JC KC KD AC AD,2469,TWO_PAIR
TC KC KD AC AD,2470,TWO_PAIR
9C KC KD AC AD,2471,TWO_PAIR
8C KC KD AC AD,2472,TWO_PAIR
7C KC KD AC AD,2473,TWO_PAIR
6C KC KD AC AD,2474,TWO_PAIR
5C KC KD AC AD,2475,TWO_PAIR
4C KC KD AC AD,2476,TWO_PAIR
3C KC KD AC AD,2477,TWO_PAIR
2C KC KD AC AD,2478,TWO_PAIR
QC QD KC AC AD,2479,TWO_PAIR
JC QC QD AC AD,2480,TWO_PAIR
TC QC QD AC AD,2481,TWO_PAIR
9C QC QD AC AD,2482,TWO_PAIR
8C QC QD AC AD,2483,TWO_PAIR
7C QC QD AC AD,2484,TWO_PAIR
6C QC QD AC AD,2485,TWO_PAIR
5C QC QD AC AD,2486,TWO_PAIR
4C QC QD AC AD,2487,TWO_PAIR
3C QC QD AC AD,2488,TWO_PAIR
2C QC QD AC AD,2489,TWO_PAIR
JC JD KC AC AD,2490,TWO_PAIR
JC JD QC AC AD,2491,TWO_PAIR
TC JC JD AC AD,2492,TWO_PAIR
9C JC JD AC AD,2493,TWO_PAIR
8C JC JD AC AD,2494,TWO_PAIR
7C JC JD AC AD,2495,TWO_PAIR
6C JC JD AC AD,2496,TWO_PAIR
5C JC JD AC AD,2497,TWO_PAIR
4C JC JD AC AD,2498,TWO_PAIR
3C JC JD AC AD,2499,TWO_PAIR
2C JC JD AC AD,2500,TWO_PAIR
TC TD KC AC AD,2501,TWO_PAIR
TC TD QC AC AD,2502,TWO_PAIR
TC TD JC AC AD,2503,TWO_PAIR
9C TC TD AC AD,2504,TWO_PAIR
8C TC TD AC AD,2505,TWO_PAIR
7C TC TD AC AD,2506,TWO_PAIR
6C TC TD AC AD,2507,TWO_PAIR
5C TC TD AC AD,2508,TWO_PAIR
4C TC TD AC AD,2509,TWO_PAIR
3C TC TD AC AD,2510,TWO_PAIR
2C TC TD AC AD,2511,TWO_PAIR
9C 9D KC AC AD,2512,TWO_PAIR
9C 9D QC AC AD,2513,TWO_PAIR
9C 9D JC AC AD,2514,TWO_PAIR
9C 9D TC AC AD,2515,TWO_PAIR
8C 9C 9D AC AD,2516,TWO_PAIR
7C 9C 9D AC AD,2517,TWO_PAIR
6C 9C 9D AC AD,2518,TWO_PAIR
5C 9C 9D AC AD,2519,TWO_PAIR
4C 9C 9D AC AD,2520,TWO_PAIR
3C 9C 9D AC AD,2521,TWO_PAIR
2C 9C 9D AC AD,2522,TWO_PAIR
8C 8D KC AC AD,2523,TWO_PAIR
8C 8D QC AC AD,2524,TWO_PAIR
8C 8D JC AC AD,2525,TWO_PAIR
8C 8D TC AC AD,2526,TWO_PAIR
8C 8D 9C AC AD,2527,TWO_PAIR
7C 8C 8D AC AD,2528,TWO_PAIR
6C 8C 8D AC AD,2529,TWO_PAIR
5C 8C 8D AC AD,2530,TWO_PAIR
4C 8C 8D AC AD,2531,TWO_PAIR
3C 8C 8D AC AD,2532,TWO_PAIR
2C 8C 8D AC AD,2533,TWO_PAIR
7C 7D KC AC AD,2534,TWO_PAIR
7C 7D QC AC AD,2535,TWO_PAIR
7C 7D JC AC AD,2536,TWO_PAIR
7C 7D TC AC AD,2537,TWO_PAIR
7C 7D 9C AC AD,2538,TWO_PAIR
7C 7D 8C AC AD,2539,TWO_PAIR
6C 7C 7D AC AD,2540,TWO_PAIR
5C 7C 7D AC AD,2541,TWO_PAIR
4C 7C 7D AC AD,2542,TWO_PAIR
3C 7C 7D AC AD,2543,TWO_PAIR
2C 7C 7D AC AD,2544,TWO_PAIR
6C 6D KC AC AD,2545,TWO_PAIR
6C 6D QC AC AD,2546,TWO_PAIR
6C 6D JC AC AD,2547,TWO_PAIR
6C 6D TC AC AD,2548,TWO_PAIR
6C 6D 9C AC AD,2549,TWO_PAIR
6C 6D 8C AC AD,2550,TWO_PAIR
6C 6D 7C AC AD,2551,TWO_PAIR
5C 6C 6D AC AD,2552,TWO_PAIR
4C 6C 6D AC AD,2553,TWO_PAIR
3C 6C 6D AC AD,2554,TWO_PAIR
2C 6C 6D AC AD,2555,TWO_PAIR
5C 5D KC AC AD,2556,TWO_PAIR
5C 5D QC AC AD,2557,TWO_PAIR
5C 5D JC AC AD,2558,TWO_PAIR
5C 5D TC AC AD,2559,TWO_PAIR
5C 5D 9C AC AD,2560,TWO_PAIR
5C 5D 8C AC AD,2561,TWO_PAIR
5C 5D 7C AC AD,2562,TWO_PAIR
5C 5D 6C AC AD,2563,TWO_PAIR
4C 5C 5D AC AD,2564,TWO_PAIR
3C 5C 5D AC AD,2565,TWO_PAIR
2C 5C 5D AC AD,2566,TWO_PAIR
4C 4D KC AC AD,2567,TWO_PAIR
4C 4D QC AC AD,2568,TWO_PAIR
4C 4D JC AC AD,2569,TWO_PAIR
4C 4D TC AC AD,2570,TWO_PAIR
4C 4D 9C AC AD,2571,TWO_PAIR
4C 4D 8C AC AD,2572,TWO_PAIR
4C 4D 7C AC AD,2573,TWO_PAIR
4C 4D 6C AC AD,2574,TWO_PAIR
4C 4D 5C AC AD,2575,TWO_PAIR
3C 4C 4D AC AD,2576,TWO_PAIR
2C 4C 4D AC AD,2577,TWO_PAIR
3C 3D KC AC AD,2578,TWO_PAIR
3C 3D QC AC AD,2579,TWO_PAIR
3C 3D JC AC AD,2580,TWO_PAIR
3C 3D TC AC AD,2581,TWO_PAIR
3C 3D 9C AC AD,2582,TWO_PAIR
3C 3D 8C AC AD,2583,TWO_PAIR
3C 3D 7C AC AD,2584,TWO_PAIR
3C 3D 6C AC AD,2585,TWO_PAIR
3C 3D 5C AC AD,2586,TWO_PAIR
3C 3D 4C AC AD,2587,TWO_PAIR
2C 3C 3D AC AD,2588,TWO_PAIR
2C 2D KC AC AD,2589,TWO_PAIR
2C 2D QC AC AD,2590,TWO_PAIR
2C 2D JC AC AD,2591,TWO_PAIR
2C 2D TC AC AD,2592,TWO_PAIR
2C 2D 9C AC AD,2593,TWO_PAIR
2C 2D 8C AC AD,2594,TWO_PAIR
2C 2D 7C AC AD,2595,TWO_PAIR
2C 2D 6C AC AD,2596,TWO_PAIR
2C 2D 5C AC AD,2597,TWO_PAIR
2C 2D 4C AC AD,2598,TWO_PAIR
2C 2D 3C AC AD,2599,TWO_PAIR
QC QD KC KD AC,2600,TWO_PAIR
JC QC QD KC KD,2601,TWO_PAIR
TC QC QD KC KD,2602,TWO_PAIR
9C QC QD KC KD,2603,TWO_PAIR
8C QC QD KC KD,2604,TWO_PAIR
7C QC QD KC KD,2605,TWO_PAIR
6C QC QD KC KD,2606,TWO_PAIR
5C QC QD KC KD,2607,TWO_PAIR
4C QC QD KC KD,2608,TWO_PAIR
3C QC QD KC KD,2609,TWO_PAIR
2C QC QD KC KD,2610,TWO_PAIR
JC JD KC KD AC,2611,TWO_PAIR
JC JD QC KC KD,2612,TWO_PAIR
TC JC JD KC KD,2613,TWO_PAIR
9C JC JD KC KD,2614,TWO_PAIR
8C JC JD KC KD,2615,TWO_PAIR
7C JC JD KC KD,2616,TWO_PAIR
6C JC JD KC KD,2617,TWO_PAIR
5C JC JD KC KD,2618,TWO_PAIR
4C JC JD KC KD,2619,TWO_PAIR
3C JC JD KC KD,2620,TWO_PAIR
2C JC JD KC KD,2621,TWO_PAIR
TC TD KC KD AC,2622,TWO_PAIR
TC TD QC KC KD,2623,TWO_PAIR
TC TD JC KC KD,2624,TWO_PAIR
9C TC TD KC KD,2625,TWO_PAIR
8C TC TD KC KD,2626,TWO_PAIR
7C TC TD KC KD,2627,TWO_PAIR
6C TC TD KC KD,2628,TWO_PAIR
5C TC TD KC KD,2629,TWO_PAIR
4C TC TD KC KD,2630,TWO_PAIR
3C TC TD KC KD,2631,TWO_PAIR
2C TC TD KC KD,2632,TWO_PAIR
9C 9D KC KD AC,2633,TWO_PAIR
9C 9D QC KC KD,2634,TWO_PAIR
9C 9D JC KC KD,2635,TWO_PAIR
9C 9D TC KC KD,2636,TWO_PAIR
8C 9C 9D KC KD,2637,TWO_PAIR
7C 9C 9D KC KD,2638,TWO_PAIR
6C 9C 9D KC KD,2639,TWO_PAIR
5C 9C 9D KC KD,2640,TWO_PAIR
4C 9C 9D KC KD,2641,TWO_PAIR
3C 9C 9D KC KD,2642,TWO_PAIR
2C 9C 9D KC KD,2643,TWO_PAIR
8C 8D KC KD AC,2644,TWO_PAIR
8C 8D QC KC KD,2645,TWO_PAIR
8C 8D JC KC KD,2646,TWO_PAIR
8C 8D TC KC KD,2647,TWO_PAIR
8C 8D 9C KC KD,2648,TWO_PAIR
7C 8C 8D KC KD,2649,TWO_PAIR
6C 8C 8D KC KD,2650,TWO_PAIR
5C 8C 8D KC KD,2651,TWO_PAIR
4C 8C 8D KC KD,2652,TWO_PAIR
3C 8C 8D KC KD,2653,TWO_PAIR
2C 8C 8D KC KD,2654,TWO_PAIR
7C 7D KC KD AC,2655,TWO_PAIR
7C 7D QC KC KD,2656,TWO_PAIR
7C 7D JC KC KD,2657,TWO_PAIR
7C 7D TC KC KD,2658,TWO_PAIR
7C 7D 9C KC KD,2659,TWO_PAIR
7C 7D 8C KC KD,2660,TWO_PAIR
6C 7C 7D KC KD,2661,TWO_PAIR
5C 7C 7D KC KD,2662,TWO_PAIR
4C 7C 7D KC KD,2663,TWO_PAIR
3C 7C 7D KC KD,2664,TWO_PAIR
2C 7C 7D KC KD,2665,TWO_PAIR
6C 6D KC KD AC,2666,TWO_PAIR
6C 6D QC KC KD,2667,TWO_PAIR
6C 6D JC KC KD,2668,TWO_PAIR
6C 6D TC KC KD,2669,TWO_PAIR
6C 6D 9C KC KD,2670,TWO_PAIR
6C 6D 8C KC KD,2671,TWO_PAIR
6C 6D 7C KC KD,2672,TWO_PAIR
5C 6C 6D KC KD,2673,TWO_PAIR
4C 6C 6D KC KD,2674,TWO_PAIR
3C 6C 6D KC KD,2675,TWO_PAIR
2C 6C 6D KC KD,2676,TWO_PAIR
5C 5D KC KD AC,2677,TWO_PAIR
5C 5D QC KC KD,2678,TWO_PAIR
5C 5D JC KC KD,2679,TWO_PAIR
5C 5D TC KC KD,2680,TWO_PAIR
5C 5D 9C KC KD,2681,TWO_PAIR
5C 5D 8C KC KD,2682,TWO_PAIR
5C 5D 7C KC KD,2683,TWO_PAIR
5C 5D 6C KC KD,2684,TWO_PAIR
4C 5C 5D KC KD,2685,TWO_PAIR
3C 5C 5D KC KD,2686,TWO_PAIR
2C 5C 5D KC KD,2687,TWO_PAIR
4C 4D KC KD AC,2688,TWO_PAIR
4C 4D QC KC KD,2689,TWO_PAIR
4C 4D JC KC KD,2690,TWO_PAIR
4C 4D TC KC KD,2691,TWO_PAIR
4C 4D 9C KC KD,2692,TWO_PAIR
4C 4D 8C KC KD,2693,TWO_PAIR
4C 4D 7C KC KD,2694,TWO_PAIR
4C 4D 6C KC KD,2695,TWO_PAIR
4C 4D 5C KC KD,2696,TWO_PAIR
3C 4C 4D KC KD,2697,TWO_PAIR
2C 4C 4D KC KD,2698,TWO_PAIR
3C 3D KC KD AC,2699,TWO_PAIR
3C 3D QC KC KD,2700,TWO_PAIR
3C 3D JC KC KD,2701,TWO_PAIR
3C 3D TC KC KD,2702,TWO_PAIR
3C 3D 9C KC KD,2703,TWO_PAIR
3C 3D 8C KC KD,2704,TWO_PAIR
3C 3D 7C KC KD,2705,TWO_PAIR
3C 3D 6C KC KD,2706,TWO_PAIR
3C 3D 5C KC KD,2707,TWO_PAIR
3C 3D 4C KC KD,2708,TWO_PAIR
2C 3C 3D KC KD,2709,TWO_PAIR
2C 2D KC KD AC,2710,TWO_PAIR
2C 2D QC KC KD,2711,TWO_PAIR
2C 2D JC KC KD,2712,TWO_PAIR
2C 2D TC KC KD,2713,TWO_PAIR
2C 2D 9C KC KD,2714,TWO_PAIR
2C 2D 8C KC KD,2715,TWO_PAIR
2C 2D 7C KC KD,2716,TWO_PAIR
2C 2D 6C KC KD,2717,TWO_PAIR
2C 2D 5C KC KD,2718,TWO_PAIR
2C 2D 4C KC KD,2719,TWO_PAIR
2C 2D 3C KC KD,2720,TWO_PAIR
JC JD QC QD AC,2721,TWO_PAIR
JC JD QC QD KC,2722,TWO_PAIR
TC JC JD QC QD,2723,TWO_PAIR
9C JC JD QC QD,2724,TWO_PAIR
8C JC JD QC QD,2725,TWO_PAIR
7C JC JD QC QD,2726,TWO_PAIR
6C JC JD QC QD,2727,TWO_PAIR
5C JC JD QC QD,2728,TWO_PAIR
4C JC JD QC QD,2729,TWO_PAIR
3C JC JD QC QD,2730,TWO_PAIR
2C JC JD QC QD,2731,TWO_PAIR
TC TD QC QD AC,2732,TWO_PAIR
TC TD QC QD KC,2733,TWO_PAIR
TC TD JC QC QD,2734,TWO_PAIR
9C TC TD QC QD,2735,TWO_PAIR
8C TC TD QC QD,2736,TWO_PAIR
7C TC TD QC QD,2737,TWO_PAIR
6C TC TD QC QD,2738,TWO_PAIR
5C TC TD QC QD,2739,TWO_PAIR
4C TC TD QC QD,2740,TWO_PAIR
3C TC TD QC QD,2741,TWO_PAIR
2C TC TD QC QD,2742,TWO_PAIR
9C 9D QC QD AC,2743,TWO_PAIR
9C 9D QC QD KC,2744,TWO_PAIR
9C 9D JC QC QD,2745,TWO_PAIR
9C 9D TC QC QD,2746,TWO_PAIR
8C 9C 9D QC QD,2747,TWO_PAIR
7C 9C 9D QC QD,2748,TWO_PAIR
6C 9C 9D QC QD,2749,TWO_PAIR
5C 9C 9D QC QD,2750,TWO_PAIR
4C 9C 9D QC QD,2751,TWO_PAIR
3C 9C 9D QC QD,2752,TWO_PAIR
2C 9C 9D QC QD,2753,TWO_PAIR
8C 8D QC QD AC,2754,TWO_PAIR
8C 8D QC QD KC,2755,TWO_PAIR
8C 8D JC QC QD,2756,TWO_PAIR
8C 8D TC QC QD,2757,TWO_PAIR
8C 8D 9C QC QD,2758,TWO_PAIR
7C 8C 8D QC QD,2759,TWO_PAIR
6C 8C 8D QC QD,2760,TWO_PAIR
5C 8C 8D QC QD,2761,TWO_PAIR
4C 8C 8D QC QD,2762,TWO_PAIR
3C 8C 8D QC QD,2763,TWO_PAIR
2C 8C 8D QC QD,2764,TWO_PAIR
7C 7D QC QD AC,2765,TWO_PAIR
7C 7D QC QD KC,2766,TWO_PAIR
7C 7D JC QC QD,2767,TWO_PAIR
7C 7D TC QC QD,2768,TWO_PAIR
7C 7D 9C QC QD,2769,TWO_PAIR
7C 7D 8C QC QD,2770,TWO_PAIR
6C 7C 7D QC QD,2771,TWO_PAIR
5C 7C 7D QC QD,2772,TWO_PAIR
4C 7C 7D QC QD,2773,TWO_PAIR
3C 7C 7D QC QD,2774,TWO_PAIR
2C 7C 7D QC QD,2775,TWO_PAIR
6C 6D QC QD AC,2776,TWO_PAIR
6C 6D QC QD KC,2777,TWO_PAIR
6C 6D JC QC QD,2778,TWO_PAIR
6C 6D TC QC QD,2779,TWO_PAIR
6C 6D 9C QC QD,2780,TWO_PAIR
6C 6D 8C QC QD,2781,TWO_PAIR
6C 6D 7C QC QD,2782,TWO_PAIR
5C 6C 6D QC QD,2783,TWO_PAIR
4C 6C 6D QC QD,2784,TWO_PAIR
3C 6C 6D QC QD,2785,TWO_PAIR
2C 6C 6D QC QD,2786,TWO_PAIR
5C 5D QC QD AC,2787,TWO_PAIR
5C 5D QC QD KC,2788,TWO_PAIR
5C 5D JC QC QD,2789,TWO_PAIR
5C 5D TC QC QD,2790,TWO_PAIR
5C 5D 9C QC QD,2791,TWO_PAIR
5C 5D 8C QC QD,2792,TWO_PAIR
5C 5D 7C QC QD,2793,TWO_PAIR
5C 5D 6C QC QD,2794,TWO_PAIR
4C 5C 5D QC QD,2795,TWO_PAIR
3C 5C 5D QC QD,2796,TWO_PAIR
2C 5C 5D QC QD,2797,TWO_PAIR
4C 4D QC QD AC,2798,TWO_PAIR
4C 4D QC QD KC,2799,TWO_PAIR
4C 4D JC QC QD,2800,TWO_PAIR
4C 4D TC QC QD,2801,TWO_PAIR
4C 4D 9C QC QD,2802,TWO_PAIR
4C 4D 8C QC QD,2803,TWO_PAIR
4C 4D 7C QC QD,2804,TWO_PAIR
4C 4D 6C QC QD,2805,TWO_PAIR
4C 4D 5C QC QD,2806,TWO_PAIR
3C 4C 4D QC QD,2807,TWO_PAIR
2C 4C 4D QC QD,2808,TWO_PAIR
3C 3D QC QD AC,2809,TWO_PAIR
3C 3D QC QD KC,2810,TWO_PAIR
3C 3D JC QC QD,2811,TWO_PAIR
3C 3D TC QC QD,2812,TWO_PAIR
3C 3D 9C QC QD,2813,TWO_PAIR
3C 3D 8C QC QD,2814,TWO_PAIR
3C 3D 7C QC QD,2815,TWO_PAIR
3C 3D 6C QC QD,2816,TWO_PAIR
3C 3D 5C QC QD,2817,TWO_PAIR
3C 3D 4C QC QD,2818,TWO_PAIR
2C 3C 3D QC QD,2819,TWO_PAIR
2C 2D QC QD AC,2820,TWO_PAIR
2C 2D QC QD KC,2821,TWO_PAIR
2C 2D JC QC QD,2822,TWO_PAIR
2C 2D TC QC QD,2823,TWO_PAIR
2C 2D 9C QC QD,2824,TWO_PAIR
2C 2D 8C QC QD,2825,TWO_PAIR
2C 2D 7C QC QD,2826,TWO_PAIR
2C 2D 6C QC QD,2827,TWO_PAIR
2C 2D 5C QC QD,2828,TWO_PAIR
2C 2D 4C QC QD,2829,TWO_PAIR
2C 2D 3C QC QD,2830,TWO_PAIR
TC TD JC JD AC,2831,TWO_PAIR
TC TD JC JD KC,2832,TWO_PAIR
TC TD JC JD QC,2833,TWO_PAIR
9C TC TD JC JD,2834,TWO_PAIR
8C TC TD JC JD,2835,TWO_PAIR
7C TC TD JC JD,2836,TWO_PAIR
6C TC TD JC JD,2837,TWO_PAIR
5C TC TD JC JD,2838,TWO_PAIR
4C TC TD JC JD,2839,TWO_PAIR
3C TC TD JC JD,2840,TWO_PAIR
2C TC TD JC JD,2841,TWO_PAIR
9C 9D JC JD AC,2842,TWO_PAIR
9C 9D JC JD KC,2843,TWO_PAIR
9C 9D JC JD QC,2844,TWO_PAIR
9C 9D TC JC JD,2845,TWO_PAIR
8C 9C 9D JC JD,2846,TWO_PAIR
7C 9C 9D JC JD,2847,TWO_PAIR
6C 9C 9D JC JD,2848,TWO_PAIR
5C 9C 9D JC JD,2849,TWO_PAIR
4C 9C 9D JC JD,2850,TWO_PAIR
3C 9C 9D JC JD,2851,TWO_PAIR
2C 9C 9D JC JD,2852,TWO_PAIR
8C 8D JC JD AC,2853,TWO_PAIR
8C 8D JC JD KC,2854,TWO_PAIR
8C 8D JC JD QC,2855,TWO_PAIR
8C 8D TC JC JD,2856,TWO_PAIR
8C 8D 9C JC JD,2857,TWO_PAIR
7C 8C 8D JC JD,2858,TWO_PAIR
6C 8C 8D JC JD,2859,TWO_PAIR
5C 8C 8D JC JD,2860,TWO_PAIR
4C 8C 8D JC JD,2861,TWO_PAIR
3C 8C 8D JC JD,2862,TWO_PAIR
2C 8C 8D JC JD,2863,TWO_PAIR
7C 7D JC JD AC,2864,TWO_PAIR
7C 7D JC JD KC,2865,TWO_PAIR
7C 7D JC JD QC,2866,TWO_PAIR
7C 7D TC JC JD,2867,TWO_PAIR
7C 7D 9C JC JD,2868,TWO_PAIR
7C 7D 8C JC JD,2869,TWO_PAIR
6C 7C 7D JC JD,2870,TWO_PAIR
5C 7C 7D JC JD,2871,TWO_PAIR
4C 7C 7D JC JD,2872,TWO_PAIR
3C 7C 7D JC JD,2873,TWO_PAIR
2C 7C 7D JC JD,2874,TWO_PAIR
6C 6D JC JD AC,2875,TWO_PAIR
6C 6D JC JD KC,2876,TWO_PAIR
6C 6D JC JD QC,2877,TWO_PAIR
6C 6D TC JC JD,2878,TWO_PAIR
6C 6D 9C JC JD,2879,TWO_PAIR
6C 6D 8C JC JD,2880,TWO_PAIR
6C 6D 7C JC JD,2881,TWO_PAIR
5C 6C 6D JC JD,2882,TWO_PAIR
4C 6C 6D JC JD,2883,TWO_PAIR
3C 6C 6D JC JD,2884,TWO_PAIR
2C 6C 6D JC JD,2885,TWO_PAIR
5C 5D JC JD AC,2886,TWO_PAIR
5C 5D JC JD KC,2887,TWO_PAIR
5C 5D JC JD QC,2888,TWO_PAIR
5C 5D TC JC JD,2889,TWO_PAIR
5C 5D 9C JC JD,2890,TWO_PAIR
5C 5D 8C JC JD,2891,TWO_PAIR
5C 5D 7C JC JD,2892,TWO_PAIR
5C 5D 6C JC JD,2893,TWO_PAIR
4C 5C 5D JC JD,2894,TWO_PAIR
3C 5C 5D JC JD,2895,TWO_PAIR
2C 5C 5D JC JD,2896,TWO_PAIR
4C 4D JC JD AC,2897,TWO_PAIR
4C 4D JC JD KC,2898,TWO_PAIR
4C 4D JC JD QC,2899,TWO_PAIR
4C 4D TC JC JD,2900,TWO_PAIR
4C 4D 9C JC JD,2901,TWO_PAIR
4C 4D 8C JC JD,2902,TWO_PAIR
4C 4D 7C JC JD,2903,TWO_PAIR
4C 4D 6C JC JD,2904,TWO_PAIR
4C 4D 5C JC JD,2905,TWO_PAIR
3C 4C 4D JC JD,2906,TWO_PAIR
2C 4C 4D JC JD,2907,TWO_PAIR
3C 3D JC JD AC,2908,TWO_PAIR
3C 3D JC JD KC,2909,TWO_PAIR
3C 3D JC JD QC,2910,TWO_PAIR
3C 3D TC JC JD,2911,TWO_PAIR
3C 3D 9C JC JD,2912,TWO_PAIR
3C 3D 8C JC JD,2913,TWO_PAIR
3C 3D 7C JC JD,2914,TWO_PAIR
3C 3D 6C JC JD,2915,TWO_PAIR
3C 3D 5C JC JD,2916,TWO_PAIR
3C 3D 4C JC JD,2917,TWO_PAIR
2C 3C 3D JC JD,2918,TWO_PAIR
2C 2D JC JD AC,2919,TWO_PAIR
2C 2D JC JD KC,2920,TWO_PAIR
2C 2D JC JD QC,2921,TWO_PAIR
2C 2D TC JC JD,2922,TWO_PAIR
2C 2D 9C JC JD,2923,TWO_PAIR
2C 2D 8C JC JD,2924,TWO_PAIR
2C 2D 7C JC JD,2925,TWO_PAIR
2C 2D 6C JC JD,2926,TWO_PAIR
2C 2D 5C JC JD,2927,TWO_PAIR
2C 2D 4C JC JD,2928,TWO_PAIR
2C 2D 3C JC JD,2929,TWO_PAIR
9C 9D TC TD AC,2930,TWO_PAIR
9C 9D TC TD KC,2931,TWO_PAIR
9C 9D TC TD QC,2932,TWO_PAIR
9C 9D TC TD JC,2933,TWO_PAIR
8C 9C 9D TC TD,2934,TWO_PAIR
7C 9C 9D TC TD,2935,TWO_PAIR
6C 9C 9D TC TD,2936,TWO_PAIR
5C 9C 9D TC TD,2937,TWO_PAIR
4C 9C 9D TC TD,2938,TWO_PAIR
3C 9C 9D TC TD,2939,TWO_PAIR
2C 9C 9D TC TD,2940,TWO_PAIR
8C 8D TC TD AC,2941,TWO_PAIR
8C 8D TC TD KC,2942,TWO_PAIR
8C 8D TC TD QC,2943,TWO_PAIR
8C 8D TC TD JC,2944,TWO_PAIR
8C 8D 9C TC TD,2945,TWO_PAIR
7C 8C 8D TC TD,2946,TWO_PAIR
6C 8C 8D TC TD,2947,TWO_PAIR
5C 8C 8D TC TD,2948,TWO_PAIR
4C 8C 8D TC TD,2949,TWO_PAIR
3C 8C 8D TC TD,2950,TWO_PAIR
2C 8C 8D TC TD,2951,TWO_PAIR
7C 7D TC TD AC,2952,TWO_PAIR
7C 7D TC TD KC,2953,TWO_PAIR
7C 7D TC TD QC,2954,TWO_PAIR
7C 7D TC TD JC,2955,TWO_PAIR
7C 7D 9C TC TD,2956,TWO_PAIR
7C 7D 8C TC TD,2957,TWO_PAIR
6C 7C 7D TC TD,2958,TWO_PAIR
5C 7C 7D TC TD,2959,TWO_PAIR
4C 7C 7D TC TD,2960,TWO_PAIR
3C 7C 7D TC TD,2961,TWO_PAIR
2C 7C 7D TC TD,2962,TWO_PAIR
6C 6D TC TD AC,2963,TWO_PAIR
6C 6D TC TD KC,2964,TWO_PAIR
6C 6D TC TD QC,2965,TWO_PAIR
6C 6D TC TD JC,2966,TWO_PAIR
6C 6D 9C TC TD,2967,TWO_PAIR
6C 6D 8C TC TD,2968,TWO_PAIR
6C 6D 7C TC TD,2969,TWO_PAIR
5C 6C 6D TC TD,2970,TWO_PAIR
4C 6C 6D TC TD,2971,TWO_PAIR
3C 6C 6D TC TD,2972,TWO_PAIR
2C 6C 6D TC TD,2973,TWO_PAIR
5C 5D TC TD AC,2974,TWO_PAIR
5C 5D TC TD KC,2975,TWO_PAIR
5C 5D TC TD QC,2976,TWO_PAIR
5C 5D TC TD JC,2977,TWO_PAIR
5C 5D 9C TC TD,2978,TWO_PAIR
5C 5D 8C TC TD,2979,TWO_PAIR
5C 5D 7C TC TD,2980,TWO_PAIR
5C 5D 6C TC TD,2981,TWO_PAIR
4C 5C 5D TC TD,2982,TWO_PAIR
3C 5C 5D TC TD,2983,TWO_PAIR
2C 5C 5D TC TD,2984,TWO_PAIR
4C 4D TC TD AC,2985,TWO_PAIR
4C 4D TC TD KC,2986,TWO_PAIR
4C 4D TC TD QC,2987,TWO_PAIR
4C 4D TC TD JC,2988,TWO_PAIR
4C 4D 9C TC TD,2989,TWO_PAIR
4C 4D 8C TC TD,2990,TWO_PAIR
4C 4D 7C TC TD,2991,TWO_PAIR
4C 4D 6C TC TD,2992,TWO_PAIR
4C 4D 5C TC TD,2993,TWO_PAIR
3C 4C 4D TC TD,2994,TWO_PAIR
2C 4C 4D TC TD,2995,TWO_PAIR
3C 3D TC TD AC,2996,TWO_PAIR
3C 3D TC TD KC,2997,TWO_PAIR
3C 3D TC TD QC,2998,TWO_PAIR
3C 3D TC TD JC,2999,TWO_PAIR
3C 3D 9C TC TD,3000,TWO_PAIR
3C 3D 8C TC TD,3001,TWO_PAIR
3C 3D 7C TC TD,3002,TWO_PAIR
3C 3D 6C TC TD,3003,TWO_PAIR
3C 3D 5C TC TD,3004,TWO_PAIR
3C 3D 4C TC TD,3005,TWO_PAIR
2C 3C 3D TC TD,3006,TWO_PAIR
2C 2D TC TD AC,3007,TWO_PAIR
2C 2D TC TD KC,3008,TWO_PAIR
2C 2D TC TD QC,3009,TWO_PAIR
2C 2D TC TD JC,3010,TWO_PAIR
2C 2D 9C TC TD,3011,TWO_PAIR
2C 2D 8C TC TD,3012,TWO_PAIR
2C 2D 7C TC TD,3013,TWO_PAIR
2C 2D 6C TC TD,3014,TWO_PAIR
2C 2D 5C TC TD,3015,TWO_PAIR
2C 2D 4C TC TD,3016,TWO_PAIR
2C 2D 3C TC TD,3017,TWO_PAIR
8C 8D 9C 9D AC,3018,TWO_PAIR
8C 8D 9C 9D KC,3019,TWO_PAIR
8C 8D 9C 9D QC,3020,TWO_PAIR
8C 8D 9C 9D JC,3021,TWO_PAIR
8C 8D 9C 9D TC,3022,TWO_PAIR
7C 8C 8D 9C 9D,3023,TWO_PAIR
6C 8C 8D 9C 9D,3024,TWO_PAIR
5C 8C 8D 9C 9D,3025,TWO_PAIR
4C 8C 8D 9C 9D,3026,TWO_PAIR
3C 8C 8D 9C 9D,3027,TWO_PAIR
2C 8C 8D 9C 9D,3028,TWO_PAIR
7C 7D 9C 9D AC,3029,TWO_PAIR
7C 7D 9C 9D KC,3030,TWO_PAIR
7C 7D 9C 9D QC,3031,TWO_PAIR
7C 7D 9C 9D JC,3032,TWO_PAIR
7C 7D 9C 9D TC,3033,TWO_PAIR
7C 7D 8C 9C 9D,3034,TWO_PAIR
6C 7C 7D 9C 9D,3035,TWO_PAIR
5C 7C 7D 9C 9D,3036,TWO_PAIR
4C 7C 7D 9C 9D,3037,TWO_PAIR
3C 7C 7D 9C 9D,3038,TWO_PAIR
2C 7C 7D 9C 9D,3039,TWO_PAIR
6C 6D 9C 9D AC,3040,TWO_PAIR
6C 6D 9C 9D KC,3041,TWO_PAIR
6C 6D 9C 9D QC,3042,TWO_PAIR
6C 6D 9C 9D JC,3043,TWO_PAIR
6C 6D 9C 9D TC,3044,TWO_PAIR
6C 6D 8C 9C 9D,3045,TWO_PAIR
6C 6D 7C 9C 9D,3046,TWO_PAIR
5C 6C 6D 9C 9D,3047,TWO_PAIR
4C 6C 6D 9C 9D,3048,TWO_PAIR
3C 6C 6D 9C 9D,3049,TWO_PAIR
2C 6C 6D 9C 9D,3050,TWO_PAIR
5C 5D 9C 9D AC,3051,TWO_PAIR
5C 5D 9C 9D KC,3052,TWO_PAIR
5C 5D 9C 9D QC,3053,TWO_PAIR
5C 5D 9C 9D JC,3054,TWO_PAIR
5C 5D 9C 9D TC,3055,TWO_PAIR
5C 5D 8C 9C 9D,3056,TWO_PAIR
5C 5D 7C 9C 9D,3057,TWO_PAIR
5C 5D 6C 9C 9D,3058,TWO_PAIR
4C 5C 5D 9C 9D,3059,TWO_PAIR
3C 5C 5D 9C 9D,3060,TWO_PAIR
2C 5C 5D 9C 9D,3061,TWO_PAIR
4C 4D 9C 9D AC,3062,TWO_PAIR
4C 4D 9C 9D KC,3063,TWO_PAIR
4C 4D 9C 9D QC,3064,TWO_PAIR
4C 4D 9C 9D JC,3065,TWO_PAIR
4C 4D 9C 9D TC,3066,TWO_PAIR
4C 4D 8C 9C 9D,3067,TWO_PAIR
4C 4D 7C 9C 9D,3068,TWO_PAIR
4C 4D 6C 9C 9D,3069,TWO_PAIR
4C 4D 5C 9C 9D,3070,TWO_PAIR
3C 4C 4D 9C 9D,3071,TWO_PAIR
2C 4C 4D 9C 9D,3072,TWO_PAIR
3C 3D 9C 9D AC,3073,TWO_PAIR
3C 3D 9C 9D KC,3074,TWO_PAIR
3C 3D 9C 9D QC,3075,TWO_PAIR
3C 3D 9C 9D JC,3076,TWO_PAIR
3C 3D 9C 9D TC,3077,TWO_PAIR
3C 3D 8C 9C 9D,3078,TWO_PAIR
3C 3D 7C 9C 9D,3079,TWO_PAIR
3C 3D 6C 9C 9D,3080,TWO_PAIR
3C 3D 5C 9C 9D,3081,TWO_PAIR
3C 3D 4C 9C 9D,3082,TWO_PAIR
2C 3C 3D 9C 9D,3083,TWO_PAIR
2C 2D 9C 9D AC,3084,TWO_PAIR
2C 2D 9C 9D KC,3085,TWO_PAIR
2C 2D 9C 9D QC,3086,TWO_PAIR
2C 2D 9C 9D JC,3087,TWO_PAIR
2C 2D 9C 9D TC,3088,TWO_PAIR
2C 2D 8C 9C 9D,3089,TWO_PAIR
2C 2D 7C 9C 9D,3090,TWO_PAIR
2C 2D 6C 9C 9D,3091,TWO_PAIR
2C 2D 5C 9C 9D,3092,TWO_PAIR
2C 2D 4C 9C 9D,3093,TWO_PAIR
2C 2D 3C 9C 9D,3094,TWO_PAIR
7C 7D 8C 8D AC,3095,TWO_PAIR
7C 7D 8C 8D KC,3096,TWO_PAIR
7C 7D 8C 8D QC,3097,TWO_PAIR
7C 7D 8C 8D JC,3098,TWO_PAIR
7C 7D 8C 8D TC,3099,TWO_PAIR
7C 7D 8C 8D 9C,3100,TWO_PAIR
6C 7C 7D 8C 8D,3101,TWO_PAIR
5C 7C 7D 8C 8D,3102,TWO_PAIR
4C 7C 7D 8C 8D,3103,TWO_PAIR
3C 7C 7D 8C 8D,3104,TWO_PAIR
2C 7C 7D 8C 8D,3105,TWO_PAIR
6C 6D 8C 8D AC,3106,TWO_PAIR
6C 6D 8C 8D KC,3107,TWO_PAIR
6C 6D 8C 8D QC,3108,TWO_PAIR
6C 6D 8C 8D JC,3109,TWO_PAIR
6C 6D 8C 8D TC,3110,TWO_PAIR
6C 6D 8C 8D 9C,3111,TWO_PAIR
6C 6D 7C 8C 8D,3112,TWO_PAIR
5C 6C 6D 8C 8D,3113,TWO_PAIR
4C 6C 6D 8C 8D,3114,TWO_PAIR
3C 6C 6D 8C 8D,3115,TWO_PAIR
2C 6C 6D 8C 8D,3116,TWO_PAIR
5C 5D 8C 8D AC,3117,TWO_PAIR
5C 5D 8C 8D KC,3118,TWO_PAIR
5C 5D 8C 8D QC,3119,TWO_PAIR
5C 5D 8C 8D JC,3120,TWO_PAIR
5C 5D 8C 8D TC,3121,TWO_PAIR
5C 5D 8C 8D 9C,3122,TWO_PAIR
5C 5D 7C 8C 8D,3123,TWO_PAIR
5C 5D 6C 8C 8D,3124,TWO_PAIR
4C 5C 5D 8C 8D,3125,TWO_PAIR
3C 5C 5D 8C 8D,3126,TWO_PAIR
2C 5C 5D 8C 8D,3127,TWO_PAIR
4C 4D 8C 8D AC,3128,TWO_PAIR
4C 4D 8C 8D KC,3129,TWO_PAIR
4C 4D 8C 8D QC,3130,TWO_PAIR
4C 4D 8C 8D JC,3131,TWO_PAIR
4C 4D 8C 8D TC,3132,TWO_PAIR
4C 4D 8C 8D 9C,3133,TWO_PAIR
4C 4D 7C 8C 8D,3134,TWO_PAIR
4C 4D 6C 8C 8D,3135,TWO_PAIR
4C 4D 5C 8C 8D,3136,TWO_PAIR
3C 4C 4D 8C 8D,3137,TWO_PAIR
2C 4C 4D 8C 8D,3138,TWO_PAIR
3C 3D 8C 8D AC,3139,TWO_PAIR
3C 3D 8C 8D KC,3140,TWO_PAIR
3C 3D 8C 8D QC,3141,TWO_PAIR
3C 3D 8C 8D JC,3142,TWO_PAIR
3C 3D 8C 8D TC,3143,TWO_PAIR
3C 3D 8C 8D 9C,3144,TWO_PAIR
3C 3D 7C 8C 8D,3145,TWO_PAIR
3C 3D 6C 8C 8D,3146,TWO_PAIR
3C 3D 5C 8C 8D,3147,TWO_PAIR
3C 3D 4C 8C 8D,3148,TWO_PAIR
2C 3C 3D 8C 8D,3149,TWO_PAIR
2C 2D 8C 8D AC,3150,TWO_PAIR
2C 2D 8C 8D KC,3151,TWO_PAIR
2C 2D 8C 8D QC,3152,TWO_PAIR
2C 2D 8C 8D JC,3153,TWO_PAIR
2C 2D 8C 8D TC,3154,TWO_PAIR
2C 2D 8C 8D 9C,3155,TWO_PAIR
2C 2D 7C 8C 8D,3156,TWO_PAIR
2C 2D 6C 8C 8D,3157,TWO_PAIR
2C 2D 5C 8C 8D,3158,TWO_PAIR
2C 2D 4C 8C 8D,3159,TWO_PAIR
2C 2D 3C 8C 8D,3160,TWO_PAIR
6C 6D 7C 7D AC,3161,TWO_PAIR
6C 6D 7C 7D KC,3162,TWO_PAIR
6C 6D 7C 7D QC,3163,TWO_PAIR
6C 6D 7C 7D JC,3164,TWO_PAIR
6C 6D 7C 7D TC,3165,TWO_PAIR
6C 6D 7C 7D 9C,3166,TWO_PAIR
6C 6D 7C 7D 8C,3167,TWO_PAIR
5C 6C 6D 7C 7D,3168,TWO_PAIR
4C 6C 6D 7C 7D,3169,TWO_PAIR
3C 6C 6D 7C 7D,3170,TWO_PAIR
2C 6C 6D 7C 7D,3171,TWO_PAIR
5C 5D 7C 7D AC,3172,TWO_PAIR
5C 5D 7C 7D KC,3173,TWO_PAIR
5C 5D 7C 7D QC,3174,TWO_PAIR
5C 5D 7C 7D JC,3175,TWO_PAIR
5C 5D 7C 7D TC,3176,TWO_PAIR
5C 5D 7C 7D 9C,3177,TWO_PAIR
5C 5D 7C 7D 8C,3178,TWO_PAIR
5C 5D 6C 7C 7D,3179,TWO_PAIR
4C 5C 5D 7C 7D,3180,TWO_PAIR
3C 5C 5D 7C 7D,3181,TWO_PAIR
2C 5C 5D 7C 7D,3182,TWO_PAIR
4C 4D 7C 7D AC,3183,TWO_PAIR
4C 4D 7C 7D KC,3184,TWO_PAIR
4C 4D 7C 7D QC,3185,TWO_PAIR
4C 4D 7C 7D JC,3186,TWO_PAIR
4C 4D 7C 7D TC,3187,TWO_PAIR
4C 4D 7C 7D 9C,3188,TWO_PAIR
4C 4D 7C 7D 8C,3189,TWO_PAIR
4C 4D 6C 7C 7D,3190,TWO_PAIR
4C 4D 5C 7C 7D,3191,TWO_PAIR
3C 4C 4D 7C 7D,3192,TWO_PAIR
2C 4C 4D 7C 7D,3193,TWO_PAIR
3C 3D 7C 7D AC,3194,TWO_PAIR
3C 3D 7C 7D KC,3195,TWO_PAIR
3C 3D 7C 7D QC,3196,TWO_PAIR
3C 3D 7C 7D JC,3197,TWO_PAIR
3C 3D 7C 7D TC,3198,TWO_PAIR
3C 3D 7C 7D 9C,3199,TWO_PAIR
3C 3D 7C 7D 8C,3200,TWO_PAIR
3C 3D 6C 7C 7D,3201,TWO_PAIR
3C 3D 5C 7C 7D,3202,TWO_PAIR
3C 3D 4C 7C 7D,3203,TWO_PAIR
2C 3C 3D 7C 7D,3204,TWO_PAIR
2C 2D 7C 7D AC,3205,TWO_PAIR
2C 2D 7C 7D KC,3206,TWO_PAIR
2C 2D 7C 7D QC,3207,TWO_PAIR
2C 2D 7C 7D JC,3208,TWO_PAIR
2C 2D 7C 7D TC,3209,TWO_PAIR
2C 2D 7C 7D 9C,3210,TWO_PAIR
2C 2D 7C 7D 8C,3211,TWO_PAIR
2C 2D 6C 7C 7D,3212,TWO_PAIR
2C 2D 5C 7C 7D,3213,TWO_PAIR
2C 2D 4C 7C 7D,3214,TWO_PAIR
2C 2D 3C 7C 7D,3215,TWO_PAIR
5C 5D 6C 6D AC,3216,TWO_PAIR
5C 5D 6C 6D KC,3217,TWO_PAIR
5C 5D 6C 6D QC,3218,TWO_PAIR
5C 5D 6C 6D JC,3219,TWO_PAIR
5C 5D 6C 6D TC,3220,TWO_PAIR
5C 5D 6C 6D 9C,3221,TWO_PAIR
5C 5D 6C 6D 8C,3222,TWO_PAIR
5C 5D 6C 6D 7C,3223,TWO_PAIR
4C 5C 5D 6C 6D,3224,TWO_PAIR
3C 5C 5D 6C 6D,3225,TWO_PAIR
2C 5C 5D 6C 6D,3226,TWO_PAIR
4C 4D 6C 6D AC,3227,TWO_PAIR
4C 4D 6C 6D KC,3228,TWO_PAIR
4C 4D 6C 6D QC,3229,TWO_PAIR
4C 4D 6C 6D JC,3230,TWO_PAIR
4C 4D 6C 6D TC,3231,TWO_PAIR
4C 4D 6C 6D 9C,3232,TWO_PAIR
4C 4D 6C 6D 8C,3233,TWO_PAIR
4C 4D 6C 6D 7C,3234,TWO_PAIR
4C 4D 5C 6C 6D,3235,TWO_PAIR
3C 4C 4D 6C 6D,3236,TWO_PAIR
2C 4C 4D 6C 6D,3237,TWO_PAIR
3C 3D 6C 6D AC,3238,TWO_PAIR
3C 3D 6C 6D KC,3239,TWO_PAIR
3C 3D 6C 6D QC,3240,TWO_PAIR
3C 3D 6C 6D JC,3241,TWO_PAIR
3C 3D 6C 6D TC,3242,TWO_PAIR
3C 3D 6C 6D 9C,3243,TWO_PAIR
3C 3D 6C 6D 8C,3244,TWO_PAIR
3C 3D 6C 6D 7C,3245,TWO_PAIR
3C 3D 5C 6C 6D,3246,TWO_PAIR
3C 3D 4C 6C 6D,3247,TWO_PAIR
2C 3C 3D 6C 6D,3248,TWO_PAIR
2C 2D 6C 6D AC,3249,TWO_PAIR
2C 2D 6C 6D KC,3250,TWO_PAIR
2C 2D 6C 6D QC,3251,TWO_PAIR
2C 2D 6C 6D JC,3252,TWO_PAIR
2C 2D 6C 6D TC,3253,TWO_PAIR
2C 2D 6C 6D 9C,3254,TWO_PAIR
2C 2D 6C 6D 8C,3255,TWO_PAIR
2C 2D 6C 6D 7C,3256,TWO_PAIR
2C 2D 5C 6C 6D,3257,TWO_PAIR
2C 2D 4C 6C 6D,3258,TWO_PAIR
2C 2D 3C 6C 6D,3259,TWO_PAIR
4C 4D 5C 5D AC,3260,TWO_PAIR
4C 4D 5C 5D KC,3261,TWO_PAIR
4C 4D 5C 5D QC,3262,TWO_PAIR
4C 4D 5C 5D JC,3263,TWO_PAIR
4C 4D 5C 5D TC,3264,TWO_PAIR
4C 4D 5C 5D 9C,3265,TWO_PAIR
4C 4D 5C 5D 8C,3266,TWO_PAIR
4C 4D 5C 5D 7C,3267,TWO_PAIR
4C 4D 5C 5D 6C,3268,TWO_PAIR
3C 4C 4D 5C 5D,3269,TWO_PAIR
2C 4C 4D 5C 5D,3270,TWO_PAIR
3C 3D 5C 5D AC,3271,TWO_PAIR
3C 3D 5C 5D KC,3272,TWO_PAIR
3C 3D 5C 5D QC,3273,TWO_PAIR
3C 3D 5C 5D JC,3274,TWO_PAIR
3C 3D 5C 5D TC,3275,TWO_PAIR
3C 3D 5C 5D 9C,3276,TWO_PAIR
3C 3D 5C 5D 8C,3277,TWO_PAIR
3C 3D 5C 5D 7C,3278,TWO_PAIR
3C 3D 5C 5D 6C,3279,TWO_PAIR
3C 3D 4C 5C 5D,3280,TWO_PAIR
2C 3C 3D 5C 5D,3281,TWO_PAIR
2C 2D 5C 5D AC,3282,TWO_PAIR
2C 2D 5C 5D KC,3283,TWO_PAIR
2C 2D 5C 5D QC,3284,TWO_PAIR
2C 2D 5C 5D JC,3285,TWO_PAIR
2C 2D 5C 5D TC,3286,TWO_PAIR
2C 2D 5C 5D 9C,3287,TWO_PAIR
2C 2D 5C 5D 8C,3288,TWO_PAIR
2C 2D 5C 5D 7C,3289,TWO_PAIR
2C 2D 5C 5D 6C,3290,TWO_PAIR
2C 2D 4C 5C 5D,3291,TWO_PAIR
2C 2D 3C 5C 5D,3292,TWO_PAIR
3C 3D 4C 4D AC,3293,TWO_PAIR
3C 3D 4C 4D KC,3294,TWO_PAIR
3C 3D 4C 4D QC,3295,TWO_PAIR
3C 3D 4C 4D JC,3296,TWO_PAIR
3C 3D 4C 4D TC,3297,TWO_PAIR
3C 3D 4C 4D 9C,3298,TWO_PAIR
3C 3D 4C 4D 8C,3299,TWO_PAIR
3C 3D 4C 4D 7C,3300,TWO_PAIR
3C 3D 4C 4D 6C,3301,TWO_PAIR
3C 3D 4C 4D 5C,3302,TWO_PAIR
2C 3C 3D 4C 4D,3303,TWO_PAIR
2C 2D 4C 4D AC,3304,TWO_PAIR
2C 2D 4C 4D KC,3305,TWO_PAIR
2C 2D 4C 4D QC,3306,TWO_PAIR
2C 2D 4C 4D JC,3307,TWO_PAIR
2C 2D 4C 4D TC,3308,TWO_PAIR
2C 2D 4C 4D 9C,3309,TWO_PAIR
2C 2D 4C 4D 8C,3310,TWO_PAIR
2C 2D 4C 4D 7C,3311,TWO_PAIR
2C 2D 4C 4D 6C,3312,TWO_PAIR
2C 2D 4C 4D 5C,3313,TWO_PAIR
2C 2D 3C 4C 4D,3314,TWO_PAIR
2C 2D 3C 3D AC,3315,TWO_PAIR
2C 2D 3C 3D KC,3316,TWO_PAIR
2C 2D 3C 3D QC,3317,TWO_PAIR
2C 2D 3C 3D JC,3318,TWO_PAIR
2C 2D 3C 3D TC,3319,TWO_PAIR
2C 2D 3C 3D 9C,3320,TWO_PAIR
2C 2D 3C 3D 8C,3321,TWO_PAIR
2C 2D 3C 3D 7C,3322,TWO_PAIR
2C 2D 3C 3D 6C,3323,TWO_PAIR
2C 2D 3C 3D 5C,3324,TWO_PAIR
2C 2D 3C 3D 4C,3325,TWO_PAIR
JC QC KC AC AD,3326,PAIR
TC QC KC AC AD,3327,PAIR
9C QC KC AC AD,3328,PAIR
8C QC KC AC AD,3329,PAIR
7C QC KC AC AD,3330,PAIR
6C QC KC AC AD,3331,PAIR
5C QC KC AC AD,3332,PAIR
4C QC KC AC AD,3333,PAIR
3C QC KC AC AD,3334,PAIR
2C QC KC AC AD,3335,PAIR
TC JC KC AC AD,3336,PAIR
9C JC KC AC AD,3337,PAIR
8C JC KC AC AD,3338,PAIR
7C JC KC AC AD,3339,PAIR
6C JC KC AC AD,3340,PAIR
5C JC KC AC AD,3341,PAIR
4C JC KC AC AD,3342,PAIR
3C JC KC AC AD,3343,PAIR
2C JC KC AC AD,3344,PAIR
9C TC KC AC AD,3345,PAIR
8C TC KC AC AD,3346,PAIR
7C TC KC AC AD,3347,PAIR
6C TC KC AC AD,3348,PAIR
5C TC KC AC AD,3349,PAIR
4C TC KC AC AD,3350,PAIR
3C TC KC AC AD,3351,PAIR
2C TC KC AC AD,3352,PAIR
8C 9C KC AC AD,3353,PAIR
7C 9C KC AC AD,3354,PAIR
6C 9C KC AC AD,3355,PAIR
5C 9C KC AC AD,3356,PAIR
4C 9C KC AC AD,3357,PAIR
3C 9C KC AC AD,3358,PAIR
2C 9C KC AC AD,3359,PAIR
7C 8C KC AC AD,3360,PAIR
6C 8C KC AC AD,3361,PAIR
5C 8C KC AC AD,3362,PAIR
4C 8C KC AC AD,3363,PAIR
3C 8C KC AC AD,3364,PAIR
2C 8C KC AC AD,3365,PAIR
6C 7C KC AC AD,3366,PAIR
5C 7C KC AC AD,3367,PAIR
4C 7C KC AC AD,3368,PAIR
3C 7C KC AC AD,3369,PAIR
2C 7C KC AC AD,3370,PAIR
5C 6C KC AC AD,3371,PAIR
4C 6C KC AC AD,3372,PAIR
3C 6C KC AC AD,3373,PAIR
2C 6C KC AC AD,3374,PAIR
4C 5C KC AC AD,3375,PAIR
3C 5C KC AC AD,3376,PAIR
2C 5C KC AC AD,3377,PAIR
3C 4C KC AC AD,3378,PAIR
2C 4C KC AC AD,3379,PAIR
2C 3C KC AC AD,3380,PAIR
TC JC QC AC AD,3381,PAIR
9C JC QC AC AD,3382,PAIR
8C JC QC AC AD,3383,PAIR
7C JC QC AC AD,3384,PAIR
6C JC QC AC AD,3385,PAIR
5C JC QC AC AD,3386,PAIR
4C JC QC AC AD,3387,PAIR
3C JC QC AC AD,3388,PAIR
2C JC QC AC AD,3389,PAIR
9C TC QC AC AD,3390,PAIR
8C TC QC AC AD,3391,PAIR
7C TC QC AC AD,3392,PAIR
6C TC QC AC AD,3393,PAIR
5C TC QC AC AD,3394,PAIR
4C TC QC AC AD,3395,PAIR
3C TC QC AC AD,3396,PAIR
2C TC QC AC AD,3397,PAIR
8C 9C QC AC AD,3398,PAIR
7C 9C QC AC AD,3399,PAIR
6C 9C QC AC AD,3400,PAIR
5C 9C QC AC AD,3401,PAIR
4C 9C QC AC AD,3402,PAIR
3C 9C QC AC AD,3403,PAIR
2C 9C QC AC AD,3404,PAIR
7C 8C QC AC AD,3405,PAIR
6C 8C QC AC AD,3406,PAIR
5C 8C QC AC AD,3407,PAIR
4C 8C QC AC AD,3408,PAIR
3C 8C QC AC AD,3409,PAIR
2C 8C QC AC AD,3410,PAIR
6C 7C QC AC AD,3411,PAIR
5C 7C QC AC AD,3412,PAIR
4C 7C QC AC AD,3413,PAIR
3C 7C QC AC AD,3414,PAIR
2C 7C QC AC AD,3415,PAIR
5C 6C QC AC AD,3416,PAIR
4C 6C QC AC AD,3417,PAIR
3C 6C QC AC AD,3418,PAIR
2C 6C QC AC AD,3419,PAIR
4C 5C QC AC AD,3420,PAIR
3C 5C QC AC AD,3421,PAIR
2C 5C QC AC AD,3422,PAIR
3C 4C QC AC AD,3423,PAIR
2C 4C QC AC AD,3424,PAIR
2C 3C QC AC AD,3425,PAIR
9C TC JC AC AD,3426,PAIR
8C TC JC AC AD,3427,PAIR
7C TC JC AC AD,3428,PAIR
6C TC JC AC AD,3429,PAIR
5C TC JC AC AD,3430,PAIR
4C TC JC AC AD,3431,PAIR
3C TC JC AC AD,3432,PAIR
2C TC JC AC AD,3433,PAIR
8C 9C JC AC AD,3434,PAIR
7C 9C JC AC AD,3435,PAIR
6C 9C JC AC AD,3436,PAIR
5C 9C JC AC AD,3437,PAIR
4C 9C JC AC AD,3438,PAIR
3C 9C JC AC AD,3439,PAIR
2C 9C JC AC AD,3440,PAIR
7C 8C JC AC AD,3441,PAIR
6C 8C JC AC AD,3442,PAIR
5C 8C JC AC AD,3443,PAIR
4C 8C JC AC AD,3444,PAIR
3C 8C JC AC AD,3445,PAIR
2C 8C JC AC AD,3446,PAIR
6C 7C JC AC AD,3447,PAIR
5C 7C JC AC AD,3448,PAIR
4C 7C JC AC AD,3449,PAIR
3C 7C JC AC AD,3450,PAIR
2C 7C JC AC AD,3451,PAIR
5C 6C JC AC AD,3452,PAIR
4C 6C JC AC AD,3453,PAIR
3C 6C JC AC AD,3454,PAIR
2C 6C JC AC AD,3455,PAIR
4C 5C JC AC AD,3456,PAIR
3C 5C JC AC AD,3457,PAIR
2C 5C JC AC AD,3458,PAIR
3C 4C JC AC AD,3459,PAIR
2C 4C JC AC AD,3460,PAIR
2C 3C JC AC AD,3461,PAIR
8C 9C TC AC AD,3462,PAIR
7C 9C TC AC AD,3463,PAIR
6C 9C TC AC AD,3464,PAIR
5C 9C TC AC AD,3465,PAIR
4C 9C TC AC AD,3466,PAIR
3C 9C TC AC AD,3467,PAIR
2C 9C TC AC AD,3468,PAIR
7C 8C TC AC AD,3469,PAIR
6C 8C TC AC AD,3470,PAIR
5C 8C TC AC AD,3471,PAIR
4C 8C TC AC AD,3472,PAIR
3C 8C TC AC AD,3473,PAIR
2C 8C TC AC AD,3474,PAIR
6C 7C TC AC AD,3475,PAIR
5C 7C TC AC AD,3476,PAIR
4C 7C TC AC AD,3477,PAIR
3C 7C TC AC AD,3478,PAIR
2C 7C TC AC AD,3479,PAIR
5C 6C TC AC AD,3480,PAIR
4C 6C TC AC AD,3481,PAIR
3C 6C TC AC AD,3482,PAIR
2C 6C TC AC AD,3483,PAIR
4C 5C TC AC AD,3484,PAIR
3C 5C TC AC AD,3485,PAIR
2C 5C TC AC AD,3486,PAIR
3C 4C TC AC AD,3487,PAIR
2C 4C TC AC AD,3488,PAIR
2C 3C TC AC AD,3489,PAIR
7C 8C 9C AC AD,3490,PAIR
6C 8C 9C AC AD,3491,PAIR
5C 8C 9C AC AD,3492,PAIR
4C 8C 9C AC AD,3493,PAIR
3C 8C 9C AC AD,3494,PAIR
2C 8C 9C AC AD,3495,PAIR
6C 7C 9C AC AD,3496,PAIR
5C 7C 9C AC AD,3497,PAIR
4C 7C 9C AC AD,3498,PAIR
3C 7C 9C AC AD,3499,PAIR
2C 7C 9C AC AD,3500,PAIR
5C 6C 9C AC AD,3501,PAIR
4C 6C 9C AC AD,3502,PAIR
3C 6C 9C AC AD,3503,PAIR
2C 6C 9C AC AD,3504,PAIR
4C 5C 9C AC AD,3505,PAIR
3C 5C 9C AC AD,3506,PAIR
2C 5C 9C AC AD,3507,PAIR
3C 4C 9C AC AD,3508,PAIR
2C 4C 9C AC AD,3509,PAIR
2C 3C 9C AC AD,3510,PAIR
6C 7C 8C AC AD,3511,PAIR
5C 7C 8C AC AD,3512,PAIR
4C 7C 8C AC AD,3513,PAIR
3C 7C 8C AC AD,3514,PAIR
2C 7C 8C AC AD,3515,PAIR
5C 6C 8C AC AD,3516,PAIR
4C 6C 8C AC AD,3517,PAIR
3C 6C 8C AC AD,3518,PAIR
2C 6C 8C AC AD,3519,PAIR
4C 5C 8C AC AD,3520,PAIR
3C 5C 8C AC AD,3521,PAIR
2C 5C 8C AC AD,3522,PAIR
3C 4C 8C AC AD,3523,PAIR
2C 4C 8C AC AD,3524,PAIR
2C 3C 8C AC AD,3525,PAIR
5C 6C 7C AC AD,3526,PAIR
4C 6C 7C AC AD,3527,PAIR
3C 6C 7C AC AD,3528,PAIR
2C 6C 7C AC AD,3529,PAIR
4C 5C 7C AC AD,3530,PAIR
3C 5C 7C AC AD,3531,PAIR
2C 5C 7C AC AD,3532,PAIR
3C 4C 7C AC AD,3533,PAIR
2C 4C 7C AC AD,3534,PAIR
2C 3C 7C AC AD,3535,PAIR
4C 5C 6C AC AD,3536,PAIR
3C 5C 6C AC AD,3537,PAIR
2C 5C 6C AC AD,3538,PAIR
3C 4C 6C AC AD,3539,PAIR
2C 4C 6C AC AD,3540,PAIR
2C 3C 6C AC AD,3541,PAIR
3C 4C 5C AC AD,3542,PAIR
2C 4C 5C AC AD,3543,PAIR
2C 3C 5C AC AD,3544,PAIR
2C 3C 4C AC AD,3545,PAIR
JC QC KC KD AC,3546,PAIR
TC QC KC KD AC,3547,PAIR
9C QC KC KD AC,3548,PAIR
8C QC KC KD AC,3549,PAIR
7C QC KC KD AC,3550,PAIR
6C QC KC KD AC,3551,PAIR
5C QC KC KD AC,3552,PAIR
4C QC KC KD AC,3553,PAIR
3C QC KC KD AC,3554,PAIR
2C QC KC KD AC,3555,PAIR
TC JC KC KD AC,3556,PAIR
9C JC KC KD AC,3557,PAIR
8C JC KC KD AC,3558,PAIR
7C JC KC KD AC,3559,PAIR
6C JC KC KD AC,3560,PAIR
5C JC KC KD AC,3561,PAIR
4C JC KC KD AC,3562,PAIR
3C JC KC KD AC,3563,PAIR
2C JC KC KD AC,3564,PAIR
9C TC KC KD AC,3565,PAIR
8C TC KC KD AC,3566,PAIR
7C TC KC KD AC,3567,PAIR
6C TC KC KD AC,3568,PAIR
5C TC KC KD AC,3569,PAIR
4C TC KC KD AC,3570,PAIR
3C TC KC KD AC,3571,PAIR
2C TC KC KD AC,3572,PAIR
8C 9C KC KD AC,3573,PAIR
7C 9C KC KD AC,3574,PAIR
6C 9C KC KD AC,3575,PAIR
5C 9C KC KD AC,3576,PAIR
4C 9C KC KD AC,3577,PAIR
3C 9C KC KD AC,3578,PAIR
2C 9C KC KD AC,3579,PAIR
7C 8C KC KD AC,3580,PAIR
6C 8C KC KD AC,3581,PAIR
5C 8C KC KD AC,3582,PAIR
4C 8C KC KD AC,3583,PAIR
3C 8C KC KD AC,3584,PAIR
2C 8C KC KD AC,3585,PAIR
6C 7C KC KD AC,3586,PAIR
5C 7C KC KD AC,3587,PAIR
4C 7C KC KD AC,3588,PAIR
3C 7C KC KD AC,3589,PAIR
2C 7C KC KD AC,3590,PAIR
5C 6C KC KD AC,3591,PAIR
4C 6C KC KD AC,3592,PAIR
3C 6C KC KD AC,3593,PAIR
2C 6C KC KD AC,3594,PAIR
4C 5C KC KD AC,3595,PAIR
3C 5C KC KD AC,3596,PAIR
2C 5C KC KD AC,3597,PAIR
3C 4C KC KD AC,3598,PAIR
2C 4C KC KD AC,3599,PAIR
2C 3C KC KD AC,3600,PAIR
TC JC QC KC KD,3601,PAIR
9C JC QC KC KD,3602,PAIR
8C JC QC KC KD,3603,PAIR
7C JC QC KC KD,3604,PAIR
6C JC QC KC KD,3605,PAIR
5C JC QC KC KD,3606,PAIR
4C JC QC KC KD,3607,PAIR
3C JC QC KC KD,3608,PAIR
2C JC QC KC KD,3609,PAIR
9C TC QC KC KD,3610,PAIR
8C TC QC KC KD,3611,PAIR
7C TC QC KC KD,3612,PAIR
6C TC QC KC KD,3613,PAIR
5C TC QC KC KD,3614,PAIR
4C TC QC KC KD,3615,PAIR
3C TC QC KC KD,3616,PAIR
2C TC QC KC KD,3617,PAIR
8C 9C QC KC KD,3618,PAIR
7C 9C QC KC KD,3619,PAIR
6C 9C QC KC KD,3620,PAIR
5C 9C QC KC KD,3621,PAIR
4C 9C QC KC KD,3622,PAIR
3C 9C QC KC KD,3623,PAIR
2C 9C QC KC KD,3624,PAIR
7C 8C QC KC KD,3625,PAIR
6C 8C QC KC KD,3626,PAIR
5C 8C QC KC KD,3627,PAIR
4C 8C QC KC KD,3628,PAIR
3C 8C QC KC KD,3629,PAIR
2C 8C QC KC KD,3630,PAIR
6C 7C QC KC KD,3631,PAIR
5C 7C QC KC KD,3632,PAIR
4C 7C QC KC KD,3633,PAIR
3C 7C QC KC KD,3634,PAIR
2C 7C QC KC KD,3635,PAIR
5C 6C QC KC KD,3636,PAIR
4C 6C QC KC KD,3637,PAIR
3C 6C QC KC KD,3638,PAIR
2C 6C QC KC KD,3639,PAIR
4C 5C QC KC KD,3640,PAIR
3C 5C QC KC KD,3641,PAIR
2C 5C QC KC KD,3642,PAIR
3C 4C QC KC KD,3643,PAIR
2C 4C QC KC KD,3644,PAIR
2C 3C QC KC KD,3645,PAIR
9C TC JC KC KD,3646,PAIR
8C TC JC KC KD,3647,PAIR
7C TC JC KC KD,3648,PAIR
6C TC JC KC KD,3649,PAIR
5C TC JC KC KD,3650,PAIR
4C TC JC KC KD,3651,PAIR
3C TC JC KC KD,3652,PAIR
2C TC JC KC KD,3653,PAIR
8C 9C JC KC KD,3654,PAIR
7C 9C JC KC KD,3655,PAIR
6C 9C JC KC KD,3656,PAIR
5C 9C JC KC KD,3657,PAIR
4C 9C JC KC KD,3658,PAIR
3C 9C JC KC KD,3659,PAIR
2C 9C JC KC KD,3660,PAIR
7C 8C JC KC KD,3661,PAIR
6C 8C JC KC KD,3662,PAIR
5C 8C JC KC KD,3663,PAIR
4C 8C JC KC KD,3664,PAIR
3C 8C JC KC KD,3665,PAIR
2C 8C JC KC KD,3666,PAIR
6C 7C JC KC KD,3667,PAIR
5C 7C JC KC KD,3668,PAIR
4C 7C JC KC KD,3669,PAIR
3C 7C JC KC KD,3670,PAIR
2C 7C JC KC KD,3671,PAIR
5C 6C JC KC KD,3672,PAIR
4C 6C JC KC KD,3673,PAIR
3C 6C JC KC KD,3674,PAIR
2C 6C JC KC KD,3675,PAIR
4C 5C JC KC KD,3676,PAIR
3C 5C JC KC KD,3677,PAIR
2C 5C JC KC KD,3678,PAIR
3C 4C JC KC KD,3679,PAIR
2C 4C JC KC KD,3680,PAIR
2C 3C JC KC KD,3681,PAIR
8C 9C TC KC KD,3682,PAIR
7C 9C TC KC KD,3683,PAIR
6C 9C TC KC KD,3684,PAIR
5C 9C TC KC KD,3685,PAIR
4C 9C TC KC KD,3686,PAIR
3C 9C TC KC KD,3687,PAIR
2C 9C TC KC KD,3688,PAIR
7C 8C TC KC KD,3689,PAIR
6C 8C TC KC KD,3690,PAIR
5C 8C TC KC KD,3691,PAIR
4C 8C TC KC KD,3692,PAIR
3C 8C TC KC KD,3693,PAIR
2C 8C TC KC KD,3694,PAIR
6C 7C TC KC KD,3695,PAIR
5C 7C TC KC KD,3696,PAIR
4C 7C TC KC KD,3697,PAIR
3C 7C TC KC KD,3698,PAIR
2C 7C TC KC KD,3699,PAIR
5C 6C TC KC KD,3700,PAIR
4C 6C TC KC KD,3701,PAIR
3C 6C TC KC KD,3702,PAIR
2C 6C TC KC KD,3703,PAIR
4C 5C TC KC KD,3704,PAIR
3C 5C TC KC KD,3705,PAIR
2C 5C TC KC KD,3706,PAIR
3C 4C TC KC KD,3707,PAIR
2C 4C TC KC KD,3708,PAIR
2C 3C TC KC KD,3709,PAIR
7C 8C 9C KC KD,3710,PAIR
6C 8C 9C KC KD,3711,PAIR
5C 8C 9C KC KD,3712,PAIR
4C 8C 9C KC KD,3713,PAIR
3C 8C 9C KC KD,3714,PAIR
2C 8C 9C KC KD,3715,PAIR
6C 7C 9C KC KD,3716,PAIR
5C 7C 9C KC KD,3717,PAIR
4C 7C 9C KC KD,3718,PAIR
3C 7C 9C KC KD,3719,PAIR
2C 7C 9C KC KD,3720,PAIR
5C 6C 9C KC KD,3721,PAIR
4C 6C 9C KC KD,3722,PAIR
3C 6C 9C KC KD,3723,PAIR
2C 6C 9C KC KD,3724,PAIR
4C 5C 9C KC KD,3725,PAIR
3C 5C 9C KC KD,3726,PAIR
2C 5C 9C KC KD,3727,PAIR
3C 4C 9C KC KD,3728,PAIR
2C 4C 9C KC KD,3729,PAIR
2C 3C 9C KC KD,3730,PAIR
6C 7C 8C KC KD,3731,PAIR
5C 7C 8C KC KD,3732,PAIR
4C 7C 8C KC KD,3733,PAIR
3C 7C 8C KC KD,3734,PAIR
2C 7C 8C KC KD,3735,PAIR
5C 6C 8C KC KD,3736,PAIR
4C 6C 8C KC KD,3737,PAIR
3C 6C 8C KC KD,3738,PAIR
2C 6C 8C KC KD,3739,PAIR
4C 5C 8C KC KD,3740,PAIR
3C 5C 8C KC KD,3741,PAIR
2C 5C 8C KC KD,3742,PAIR
3C 4C 8C KC KD,3743,PAIR
2C 4C 8C KC KD,3744,PAIR
2C 3C 8C KC KD,3745,PAIR
5C 6C 7C KC KD,3746,PAIR
4C 6C 7C KC KD,3747,PAIR
3C 6C 7C KC KD,3748,PAIR
2C 6C 7C KC KD,3749,PAIR
4C 5C 7C KC KD,3750,PAIR
3C 5C 7C KC KD,3751,PAIR
2C 5C 7C KC KD,3752,PAIR
3C 4C 7C KC KD,3753,PAIR
2C 4C 7C KC KD,3754,PAIR
2C 3C 7C KC KD,3755,PAIR
4C 5C 6C KC KD,3756,PAIR
3C 5C 6C KC KD,3757,PAIR
2C 5C 6C KC KD,3758,PAIR
3C 4C 6C KC KD,3759,PAIR
2C 4C 6C KC KD,3760,PAIR
2C 3C 6C KC KD,3761,PAIR
3C 4C 5C KC KD,3762,PAIR
2C 4C 5C KC KD,3763,PAIR
2C 3C 5C KC KD,3764,PAIR
2C 3C 4C KC KD,3765,PAIR
JC QC QD KC AC,3766,PAIR
TC QC QD KC AC,3767,PAIR
9C QC QD KC AC,3768,PAIR
8C QC QD KC AC,3769,PAIR
7C QC QD KC AC,3770,PAIR
6C QC QD KC AC,3771,PAIR
5C QC QD KC AC,3772,PAIR
4C QC QD KC AC,3773,PAIR
3C QC QD KC AC,3774,PAIR
2C QC QD KC AC,3775,PAIR
TC JC QC QD AC,3776,PAIR
9C JC QC QD AC,3777,PAIR
8C JC QC QD AC,3778,PAIR
7C JC QC QD AC,3779,PAIR
6C JC QC QD AC,3780,PAIR
5C JC QC QD AC,3781,PAIR
4C JC QC QD AC,3782,PAIR
3C JC QC QD AC,3783,PAIR
2C JC QC QD AC,3784,PAIR
9C TC QC QD AC,3785,PAIR
8C TC QC QD AC,3786,PAIR
7C TC QC QD AC,3787,PAIR
6C TC QC QD AC,3788,PAIR
5C TC QC QD AC,3789,PAIR
4C TC QC QD AC,3790,PAIR
3C TC QC QD AC,3791,PAIR
2C TC QC QD AC,3792,PAIR
8C 9C QC QD AC,3793,PAIR
7C 9C QC QD AC,3794,PAIR
6C 9C QC QD AC,3795,PAIR
5C 9C QC QD AC,3796,PAIR
4C 9C QC QD AC,3797,PAIR
3C 9C QC QD AC,3798,PAIR
2C 9C QC QD AC,3799,PAIR
7C 8C QC QD AC,3800,PAIR
6C 8C QC QD AC,3801,PAIR
5C 8C QC QD AC,3802,PAIR
4C 8C QC QD AC,3803,PAIR
3C 8C QC QD AC,3804,PAIR
2C 8C QC QD AC,3805,PAIR
6C 7C QC QD AC,3806,PAIR
5C 7C QC QD AC,3807,PAIR
4C 7C QC QD AC,3808,PAIR
3C 7C QC QD AC,3809,PAIR
2C 7C QC QD AC,3810,PAIR
5C 6C QC QD AC,3811,PAIR
4C 6C QC QD AC,3812,PAIR
3C 6C QC QD AC,3813,PAIR
2C 6C QC QD AC,3814,PAIR
4C 5C QC QD AC,3815,PAIR
3C 5C QC QD AC,3816,PAIR
2C 5C QC QD AC,3817,PAIR
3C 4C QC QD AC,3818,PAIR
2C 4C QC QD AC,3819,PAIR
2C 3C QC QD AC,3820,PAIR
TC JC QC QD KC,3821,PAIR
9C JC QC QD KC,3822,PAIR
8C JC QC QD KC,3823,PAIR
7C JC QC QD KC,3824,PAIR
6C JC QC QD KC,3825,PAIR
5C JC QC QD KC,3826,PAIR
4C JC QC QD KC,3827,PAIR
3C JC QC QD KC,3828,PAIR
2C JC QC QD KC,3829,PAIR
9C TC QC QD KC,3830,PAIR
8C TC QC QD KC,3831,PAIR
7C TC QC QD KC,3832,PAIR
6C TC QC QD KC,3833,PAIR
5C TC QC QD KC,3834,PAIR
4C TC QC QD KC,3835,PAIR
3C TC QC QD KC,3836,PAIR
2C TC QC QD KC,3837,PAIR
8C 9C QC QD KC,3838,PAIR
7C 9C QC QD KC,3839,PAIR
6C 9C QC QD KC,3840,PAIR
5C 9C QC QD KC,3841,PAIR
4C 9C QC QD KC,3842,PAIR
3C 9C QC QD KC,3843,PAIR
2C 9C QC QD KC,3844,PAIR
7C 8C QC QD KC,3845,PAIR
6C 8C QC QD KC,3846,PAIR
5C 8C QC QD KC,3847,PAIR
4C 8C QC QD KC,3848,PAIR
3C 8C QC QD KC,3849,PAIR
2C 8C QC QD KC,3850,PAIR
6C 7C QC QD KC,3851,PAIR
5C 7C QC QD KC,3852,PAIR
4C 7C QC QD KC,3853,PAIR
3C 7C QC QD KC,3854,PAIR
2C 7C QC QD KC,3855,PAIR
5C 6C QC QD KC,3856,PAIR
4C 6C QC QD KC,3857,PAIR
3C 6C QC QD KC,3858,PAIR
2C 6C QC QD KC,3859,PAIR
4C 5C QC QD KC,3860,PAIR
3C 5C QC QD KC,3861,PAIR
2C 5C QC QD KC,3862,PAIR
3C 4C QC QD KC,3863,PAIR
2C 4C QC QD KC,3864,PAIR
2C 3C QC QD KC,3865,PAIR
9C TC JC QC QD,3866,PAIR
8C TC JC QC QD,3867,PAIR
7C TC JC QC QD,3868,PAIR
6C TC JC QC QD,3869,PAIR
5C TC JC QC QD,3870,PAIR
4C TC JC QC QD,3871,PAIR
3C TC JC QC QD,3872,PAIR
2C TC JC QC QD,3873,PAIR
8C 9C JC QC QD,3874,PAIR
7C 9C JC QC QD,3875,PAIR
6C 9C JC QC QD,3876,PAIR
5C 9C JC QC QD,3877,PAIR
4C 9C JC QC QD,3878,PAIR
3C 9C JC QC QD,3879,PAIR
2C 9C JC QC QD,3880,PAIR
7C 8C JC QC QD,3881,PAIR
6C 8C JC QC QD,3882,PAIR
5C 8C JC QC QD,3883,PAIR
4C 8C JC QC QD,3884,PAIR
3C 8C JC QC QD,3885,PAIR
2C 8C JC QC QD,3886,PAIR
6C 7C JC QC QD,3887,PAIR
5C 7C JC QC QD,3888,PAIR
4C 7C JC QC QD,3889,PAIR
3C 7C JC QC QD,3890,PAIR
2C 7C JC QC QD,3891,PAIR
5C 6C JC QC QD,3892,PAIR
4C 6C JC QC QD,3893,PAIR
3C 6C JC QC QD,3894,PAIR
2C 6C JC QC QD,3895,PAIR
4C 5C JC QC QD,3896,PAIR
3C 5C JC QC QD,3897,PAIR
2C 5C JC QC QD,3898,PAIR
3C 4C JC QC QD,3899,PAIR
2C 4C JC QC QD,3900,PAIR
2C 3C JC QC QD,3901,PAIR
8C 9C TC QC QD,3902,PAIR
7C 9C TC QC QD,3903,PAIR
6C 9C TC QC QD,3904,PAIR
5C 9C TC QC QD,3905,PAIR
4C 9C TC QC QD,3906,PAIR
3C 9C TC QC QD,3907,PAIR
2C 9C TC QC QD,3908,PAIR
7C 8C TC QC QD,3909,PAIR
6C 8C TC QC QD,3910,PAIR
5C 8C TC QC QD,3911,PAIR
4C 8C TC QC QD,3912,PAIR
3C 8C TC QC QD,3913,PAIR
2C 8C TC QC QD,3914,PAIR
6C 7C TC QC QD,3915,PAIR
5C 7C TC QC QD,3916,PAIR
4C 7C TC QC QD,3917,PAIR
3C 7C TC QC QD,3918,PAIR
2C 7C TC QC QD,3919,PAIR
5C 6C TC QC QD,3920,PAIR
4C 6C TC QC QD,3921,PAIR
3C 6C TC QC QD,3922,PAIR
2C 6C TC QC QD,3923,PAIR
4C 5C TC QC QD,3924,PAIR
3C 5C TC QC QD,3925,PAIR
2C 5C TC QC QD,3926,PAIR
3C 4C TC QC QD,3927,PAIR
2C 4C TC QC QD,3928,PAIR
2C 3C TC QC QD,3929,PAIR
7C 8C 9C QC QD,3930,PAIR
6C 8C 9C QC QD,3931,PAIR
5C 8C 9C QC QD,3932,PAIR
4C 8C 9C QC QD,3933,PAIR
3C 8C 9C QC QD,3934,PAIR
2C 8C 9C QC QD,3935,PAIR
6C 7C 9C QC QD,3936,PAIR
5C 7C 9C QC QD,3937,PAIR
4C 7C 9C QC QD,3938,PAIR
3C 7C 9C QC QD,3939,PAIR
2C 7C 9C QC QD,3940,PAIR
5C 6C 9C QC QD,3941,PAIR
4C 6C 9C QC QD,3942,PAIR
3C 6C 9C QC QD,3943,PAIR
2C 6C 9C QC QD,3944,PAIR
4C 5C 9C QC QD,3945,PAIR
3C 5C 9C QC QD,3946,PAIR
2C 5C 9C QC QD,3947,PAIR
3C 4C 9C QC QD,3948,PAIR
2C 4C 9C QC QD,3949,PAIR
2C 3C 9C QC QD,3950,PAIR
6C 7C 8C QC QD,3951,PAIR
5C 7C 8C QC QD,3952,PAIR
4C 7C 8C QC QD,3953,PAIR
3C 7C 8C QC QD,3954,PAIR
2C 7C 8C QC QD,3955,PAIR
5C 6C 8C QC QD,3956,PAIR
4C 6C 8C QC QD,3957,PAIR
3C 6C 8C QC QD,3958,PAIR
2C 6C 8C QC QD,3959,PAIR
4C 5C 8C QC QD,3960,PAIR
3C 5C 8C QC QD,3961,PAIR
2C 5C 8C QC QD,3962,PAIR
3C 4C 8C QC QD,3963,PAIR
2C 4C 8C QC QD,3964,PAIR
2C 3C 8C QC QD,3965,PAIR
5C 6C 7C QC QD,3966,PAIR
4C 6C 7C QC QD,3967,PAIR
3C 6C 7C QC QD,3968,PAIR
2C 6C 7C QC QD,3969,PAIR
4C 5C 7C QC QD,3970,PAIR
3C 5C 7C QC QD,3971,PAIR
2C 5C 7C QC QD,3972,PAIR
3C 4C 7C QC QD,3973,PAIR
2C 4C 7C QC QD,3974,PAIR
2C 3C 7C QC QD,3975,PAIR
4C 5C 6C QC QD,3976,PAIR
3C 5C 6C QC QD,3977,PAIR
2C 5C 6C QC QD,3978,PAIR
3C 4C 6C QC QD,3979,PAIR
2C 4C 6C QC QD,3980,PAIR
2C 3C 6C QC QD,3981,PAIR
3C 4C 5C QC QD,3982,PAIR
2C 4C 5C QC QD,3983,PAIR
2C 3C 5C QC QD,3984,PAIR
2C 3C 4C QC QD,3985,PAIR
JC JD QC KC AC,3986,PAIR
TC JC JD KC AC,3987,PAIR
9C JC JD KC AC,3988,PAIR
8C JC JD KC AC,3989,PAIR
7C JC JD KC AC,3990,PAIR
6C JC JD KC AC,3991,PAIR
5C JC JD KC AC,3992,PAIR
4C JC JD KC AC,3993,PAIR
3C JC JD KC AC,3994,PAIR
2C JC JD KC AC,3995,PAIR
TC JC JD QC AC,3996,PAIR
9C JC JD QC AC,3997,PAIR
8C JC JD QC AC,3998,PAIR
7C JC JD QC AC,3999,PAIR
6C JC JD QC AC,4000,PAIR
5C JC JD QC AC,4001,PAIR
4C JC JD QC AC,4002,PAIR
3C JC JD QC AC,4003,PAIR
2C JC JD QC AC,4004,PAIR
9C TC JC JD AC,4005,PAIR
8C TC JC JD AC,4006,PAIR
7C TC JC JD AC,4007,PAIR
6C TC JC JD AC,4008,PAIR
5C TC JC JD AC,4009,PAIR
4C TC JC JD AC,4010,PAIR
3C TC JC JD AC,4011,PAIR
2C TC JC JD AC,4012,PAIR
8C 9C JC JD AC,4013,PAIR
7C 9C JC JD AC,4014,PAIR
6C 9C JC JD AC,4015,PAIR
5C 9C JC JD AC,4016,PAIR
4C 9C JC JD AC,4017,PAIR
3C 9C JC JD AC,4018,PAIR
2C 9C JC JD AC,4019,PAIR
7C 8C JC JD AC,4020,PAIR
6C 8C JC JD AC,4021,PAIR
5C 8C JC JD AC,4022,PAIR
4C 8C JC JD AC,4023,PAIR
3C 8C JC JD AC,4024,PAIR
2C 8C JC JD AC,4025,PAIR
6C 7C JC JD AC,4026,PAIR
5C 7C JC JD AC,4027,PAIR
4C 7C JC JD AC,4028,PAIR
3C 7C JC JD AC,4029,PAIR
2C 7C JC JD AC,4030,PAIR
5C 6C JC JD AC,4031,PAIR
4C 6C JC JD AC,4032,PAIR
3C 6C JC JD AC,4033,PAIR
2C 6C JC JD AC,4034,PAIR
4C 5C JC JD AC,4035,PAIR
3C 5C JC JD AC,4036,PAIR
2C 5C JC JD AC,4037,PAIR
3C 4C JC JD AC,4038,PAIR
2C 4C JC JD AC,4039,PAIR
2C 3C JC JD AC,4040,PAIR
TC JC JD QC KC,4041,PAIR
9C JC JD QC KC,4042,PAIR
8C JC JD QC KC,4043,PAIR
7C JC JD QC KC,4044,PAIR
6C JC JD QC KC,4045,PAIR
5C JC JD QC KC,4046,PAIR
4C JC JD QC KC,4047,PAIR
3C JC JD QC KC,4048,PAIR
2C JC JD QC KC,4049,PAIR
9C TC JC JD KC,4050,PAIR
8C TC JC JD KC,4051,PAIR
7C TC JC JD KC,4052,PAIR
6C TC JC JD KC,4053,PAIR
5C TC JC JD KC,4054,PAIR
4C TC JC JD KC,4055,PAIR
3C TC JC JD KC,4056,PAIR
2C TC JC JD KC,4057,PAIR
8C 9C JC JD KC,4058,PAIR
7C 9C JC JD KC,4059,PAIR
6C 9C JC JD KC,4060,PAIR
5C 9C JC JD KC,4061,PAIR
4C 9C JC JD KC,4062,PAIR
3C 9C JC JD KC,4063,PAIR
2C 9C JC JD KC,4064,PAIR
7C 8C JC JD KC,4065,PAIR
6C 8C JC JD KC,4066,PAIR
5C 8C JC JD KC,4067,PAIR
4C 8C JC JD KC,4068,PAIR
3C 8C JC JD KC,4069,PAIR
2C 8C JC JD KC,4070,PAIR
6C 7C JC JD KC,4071,PAIR
5C 7C JC JD KC,4072,PAIR
4C 7C JC JD KC,4073,PAIR
3C 7C JC JD KC,4074,PAIR
2C 7C JC JD KC,4075,PAIR
5C 6C JC JD KC,4076,PAIR
4C 6C JC JD KC,4077,PAIR
3C 6C JC JD KC,4078,PAIR
2C 6C JC JD KC,4079,PAIR
4C 5C JC JD KC,4080,PAIR
3C 5C JC JD KC,4081,PAIR
2C 5C JC JD KC,4082,PAIR
3C 4C JC JD KC,4083,PAIR
2C 4C JC JD KC,4084,PAIR
2C 3C JC JD KC,4085,PAIR
9C TC JC JD QC,4086,PAIR
8C TC JC JD QC,4087,PAIR
7C TC JC JD QC,4088,PAIR
6C TC JC JD QC,4089,PAIR
5C TC JC JD QC,4090,PAIR
4C TC JC JD QC,4091,PAIR
3C TC JC JD QC,4092,PAIR
2C TC JC JD QC,4093,PAIR
8C 9C JC JD QC,4094,PAIR
7C 9C JC JD QC,4095,PAIR
6C 9C JC JD QC,4096,PAIR
5C 9C JC JD QC,4097,PAIR
4C 9C JC JD QC,4098,PAIR
3C 9C JC JD QC,4099,PAIR
2C 9C JC JD QC,4100,PAIR
7C 8C JC JD QC,4101,PAIR
6C 8C JC JD QC,4102,PAIR
5C 8C JC JD QC,4103,PAIR
4C 8C JC JD QC,4104,PAIR
3C 8C JC JD QC,4105,PAIR
2C 8C JC JD QC,4106,PAIR
6C 7C JC JD QC,4107,PAIR
5C 7C JC JD QC,4108,PAIR
4C 7C JC JD QC,4109,PAIR
3C 7C JC JD QC,4110,PAIR
2C 7C JC JD QC,4111,PAIR
5C 6C JC JD QC,4112,PAIR
4C 6C JC JD QC,4113,PAIR
3C 6C JC JD QC,4114,PAIR
2C 6C JC JD QC,4115,PAIR
4C 5C JC JD QC,4116,PAIR
3C 5C JC JD QC,4117,PAIR
2C 5C JC JD QC,4118,PAIR
3C 4C JC JD QC,4119,PAIR
2C 4C JC JD QC,4120,PAIR
2C 3C JC JD QC,4121,PAIR
8C 9C TC JC JD,4122,PAIR
7C 9C TC JC JD,4123,PAIR
6C 9C TC JC JD,4124,PAIR
5C 9C TC JC JD,4125,PAIR
4C 9C TC JC JD,4126,PAIR
3C 9C TC JC JD,4127,PAIR
2C 9C TC JC JD,4128,PAIR
7C 8C TC JC JD,4129,PAIR
6C 8C TC JC JD,4130,PAIR
5C 8C TC JC JD,4131,PAIR
4C 8C TC JC JD,4132,PAIR
3C 8C TC JC JD,4133,PAIR
2C 8C TC JC JD,4134,PAIR
6C 7C TC JC JD,4135,PAIR
5C 7C TC JC JD,4136,PAIR
4C 7C TC JC JD,4137,PAIR
3C 7C TC JC JD,4138,PAIR
2C 7C TC JC JD,4139,PAIR
5C 6C TC JC JD,4140,PAIR
4C 6C TC JC JD,4141,PAIR
3C 6C TC JC JD,4142,PAIR
2C 6C TC JC JD,4143,PAIR
4C 5C TC JC JD,4144,PAIR
3C 5C TC JC JD,4145,PAIR
2C 5C TC JC JD,4146,PAIR
3C 4C TC JC JD,4147,PAIR
2C 4C TC JC JD,4148,PAIR
2C 3C TC JC JD,4149,PAIR
7C 8C 9C JC JD,4150,PAIR
6C 8C 9C JC JD,4151,PAIR
5C 8C 9C JC JD,4152,PAIR
4C 8C 9C JC JD,4153,PAIR
3C 8C 9C JC JD,4154,PAIR
2C 8C 9C JC JD,4155,PAIR
6C 7C 9C JC JD,4156,PAIR
5C 7C 9C JC JD,4157,PAIR
4C 7C 9C JC JD,4158,PAIR
3C 7C 9C JC JD,4159,PAIR
2C 7C 9C JC JD,4160,PAIR
5C 6C 9C JC JD,4161,PAIR
4C 6C 9C JC JD,4162,PAIR
3C 6C 9C JC JD,4163,PAIR
2C 6C 9C JC JD,4164,PAIR
4C 5C 9C JC JD,4165,PAIR
3C 5C 9C JC JD,4166,PAIR
2C 5C 9C JC JD,4167,PAIR
3C 4C 9C JC JD,4168,PAIR
2C 4C 9C JC JD,4169,PAIR
2C 3C 9C JC JD,4170,PAIR
6C 7C 8C JC JD,4171,PAIR
5C 7C 8C JC JD,4172,PAIR
4C 7C 8C JC JD,4173,PAIR
3C 7C 8C JC JD,4174,PAIR
2C 7C 8C JC JD,4175,PAIR
5C 6C 8C JC JD,4176,PAIR
4C 6C 8C JC JD,4177,PAIR
3C 6C 8C JC JD,4178,PAIR
2C 6C 8C JC JD,4179,PAIR
4C 5C 8C JC JD,4180,PAIR
3C 5C 8C JC JD,4181,PAIR
2C 5C 8C JC JD,4182,PAIR
3C 4C 8C JC JD,4183,PAIR
2C 4C 8C JC JD,4184,PAIR
2C 3C 8C JC JD,4185,PAIR
5C 6C 7C JC JD,4186,PAIR
4C 6C 7C JC JD,4187,PAIR
3C 6C 7C JC JD,4188,PAIR
2C 6C 7C JC JD,4189,PAIR
4C 5C 7C JC JD,4190,PAIR
3C 5C 7C JC JD,4191,PAIR
2C 5C 7C JC JD,4192,PAIR
3C 4C 7C JC JD,4193,PAIR
2C 4C 7C JC JD,4194,PAIR
2C 3C 7C JC JD,4195,PAIR
4C 5C 6C JC JD,4196,PAIR
3C 5C 6C JC JD,4197,PAIR
2C 5C 6C JC JD,4198,PAIR
3C 4C 6C JC JD,4199,PAIR
2C 4C 6C JC JD,4200,PAIR
2C 3C 6C JC JD,4201,PAIR
3C 4C 5C JC JD,4202,PAIR
2C 4C 5C JC JD,4203,PAIR
2C 3C 5C JC JD,4204,PAIR
2C 3C 4C JC JD,4205,PAIR
TC TD QC KC AC,4206,PAIR
TC TD JC KC AC,4207,PAIR
9C TC TD KC AC,4208,PAIR
8C TC TD KC AC,4209,PAIR
7C TC TD KC AC,4210,PAIR
6C TC TD KC AC,4211,PAIR
5C TC TD KC AC,4212,PAIR
4C TC TD KC AC,4213,PAIR
3C TC TD KC AC,4214,PAIR
2C TC TD KC AC,4215,PAIR
TC TD JC QC AC,4216,PAIR
9C TC TD QC AC,4217,PAIR
8C TC TD QC AC,4218,PAIR
7C TC TD QC AC,4219,PAIR
6C TC TD QC AC,4220,PAIR
5C TC TD QC AC,4221,PAIR
4C TC TD QC AC,4222,PAIR
3C TC TD QC AC,4223,PAIR
2C TC TD QC AC,4224,PAIR
9C TC TD JC AC,4225,PAIR
8C TC TD JC AC,4226,PAIR
7C TC TD JC AC,4227,PAIR
6C TC TD JC AC,4228,PAIR
5C TC TD JC AC,4229,PAIR
4C TC TD JC AC,4230,PAIR
3C TC TD JC AC,4231,PAIR
2C TC TD JC AC,4232,PAIR
8C 9C TC TD AC,4233,PAIR
7C 9C TC TD AC,4234,PAIR
6C 9C TC TD AC,4235,PAIR
5C 9C TC TD AC,4236,PAIR
4C 9C TC TD AC,4237,PAIR
3C 9C TC TD AC,4238,PAIR
2C 9C TC TD AC,4239,PAIR
7C 8C TC TD AC,4240,PAIR
6C 8C TC TD AC,4241,PAIR
5C 8C TC TD AC,4242,PAIR
4C 8C TC TD AC,4243,PAIR
3C 8C TC TD AC,4244,PAIR
2C 8C TC TD AC,4245,PAIR
6C 7C TC TD AC,4246,PAIR
5C 7C TC TD AC,4247,PAIR
4C 7C TC TD AC,4248,PAIR
3C 7C TC TD AC,4249,PAIR
2C 7C TC TD AC,4250,PAIR
5C 6C TC TD AC,4251,PAIR
4C 6C TC TD AC,4252,PAIR
3C 6C TC TD AC,4253,PAIR
2C 6C TC TD AC,4254,PAIR
4C 5C TC TD AC,4255,PAIR
3C 5C TC TD AC,4256,PAIR
2C 5C TC TD AC,4257,PAIR
3C 4C TC TD AC,4258,PAIR
2C 4C TC TD AC,4259,PAIR
2C 3C TC TD AC,4260,PAIR
TC TD JC QC KC,4261,PAIR
9C TC TD QC KC,4262,PAIR
8C TC TD QC KC,4263,PAIR
7C TC TD QC KC,4264,PAIR
6C TC TD QC KC,4265,PAIR
5C TC TD QC KC,4266,PAIR
4C TC TD QC KC,4267,PAIR
3C TC TD QC KC,4268,PAIR
2C TC TD QC KC,4269,PAIR
9C TC TD JC KC,4270,PAIR
8C TC TD JC KC,4271,PAIR
7C TC TD JC KC,4272,PAIR
6C TC TD JC KC,4273,PAIR
5C TC TD JC KC,4274,PAIR
4C TC TD JC KC,4275,PAIR
3C TC TD JC KC,4276,PAIR
2C TC TD JC KC,4277,PAIR
8C 9C TC TD KC,4278,PAIR
7C 9C TC TD KC,4279,PAIR
6C 9C TC TD KC,4280,PAIR
5C 9C TC TD KC,4281,PAIR
4C 9C TC TD KC,4282,PAIR
3C 9C TC TD KC,4283,PAIR
2C 9C TC TD KC,4284,PAIR
7C 8C TC TD KC,4285,PAIR
6C 8C TC TD KC,4286,PAIR
5C 8C TC TD KC,4287,PAIR
4C 8C TC TD KC,4288,PAIR
3C 8C TC TD KC,4289,PAIR
2C 8C TC TD KC,4290,PAIR
6C 7C TC TD KC,4291,PAIR
5C 7C TC TD KC,4292,PAIR
4C 7C TC TD KC,4293,PAIR
3C 7C TC TD KC,4294,PAIR
2C 7C TC TD KC,4295,PAIR
5C 6C TC TD KC,4296,PAIR
4C 6C TC TD KC,4297,PAIR
3C 6C TC TD KC,4298,PAIR
2C 6C TC TD KC,4299,PAIR
4C 5C TC TD KC,4300,PAIR
3C 5C TC TD KC,4301,PAIR
2C 5C TC TD KC,4302,PAIR
3C 4C TC TD KC,4303,PAIR
2C 4C TC TD KC,4304,PAIR
2C 3C TC TD KC,4305,PAIR
9C TC TD JC QC,4306,PAIR
8C TC TD JC QC,4307,PAIR
7C TC TD JC QC,4308,PAIR
6C TC TD JC QC,4309,PAIR
5C TC TD JC QC,4310,PAIR
4C TC TD JC QC,4311,PAIR
3C TC TD JC QC,4312,PAIR
2C TC TD JC QC,4313,PAIR
8C 9C TC TD QC,4314,PAIR
7C 9C TC TD QC,4315,PAIR
6C 9C TC TD QC,4316,PAIR
5C 9C TC TD QC,4317,PAIR
4C 9C TC TD QC,4318,PAIR
3C 9C TC TD QC,4319,PAIR
2C 9C TC TD QC,4320,PAIR
7C 8C TC TD QC,4321,PAIR
6C 8C TC TD QC,4322,PAIR
5C 8C TC TD QC,4323,PAIR
4C 8C TC TD QC,4324,PAIR
3C 8C TC TD QC,4325,PAIR
2C 8C TC TD QC,4326,PAIR
6C 7C TC TD QC,4327,PAIR
5C 7C TC TD QC,4328,PAIR
4C 7C TC TD QC,4329,PAIR
3C 7C TC TD QC,4330,PAIR
2C 7C TC TD QC,4331,PAIR
5C 6C TC TD QC,4332,PAIR
4C 6C TC TD QC,4333,PAIR
3C 6C TC TD QC,4334,PAIR
2C 6C TC TD QC,4335,PAIR
4C 5C TC TD QC,4336,PAIR
3C 5C TC TD QC,4337,PAIR
2C 5C TC TD QC,4338,PAIR
3C 4C TC TD QC,4339,PAIR
2C 4C TC TD QC,4340,PAIR
2C 3C TC TD QC,4341,PAIR
8C 9C TC TD JC,4342,PAIR
7C 9C TC TD JC,4343,PAIR
6C 9C TC TD JC,4344,PAIR
5C 9C TC TD JC,4345,PAIR
4C 9C TC TD JC,4346,PAIR
3C 9C TC TD JC,4347,PAIR
2C 9C TC TD JC,4348,PAIR
7C 8C TC TD JC,4349,PAIR
6C 8C TC TD JC,4350,PAIR
5C 8C TC TD JC,4351,PAIR
4C 8C TC TD JC,4352,PAIR
3C 8C TC TD JC,4353,PAIR
2C 8C TC TD JC,4354,PAIR
6C 7C TC TD JC,4355,PAIR
5C 7C TC TD JC,4356,PAIR
4C 7C TC TD JC,4357,PAIR
3C 7C TC TD JC,4358,PAIR
2C 7C TC TD JC,4359,PAIR
5C 6C TC TD JC,4360,PAIR
4C 6C TC TD JC,4361,PAIR
3C 6C TC TD JC,4362,PAIR
2C 6C TC TD JC,4363,PAIR
4C 5C TC TD JC,4364,PAIR
3C 5C TC TD JC,4365,PAIR
2C 5C TC TD JC,4366,PAIR
3C 4C TC TD JC,4367,PAIR
2C 4C TC TD JC,4368,PAIR
2C 3C TC TD JC,4369,PAIR
7C 8C 9C TC TD,4370,PAIR
6C 8C 9C TC TD,4371,PAIR
5C 8C 9C TC TD,4372,PAIR
4C 8C 9C TC TD,4373,PAIR
3C 8C 9C TC TD,4374,PAIR
2C 8C 9C TC TD,4375,PAIR
6C 7C 9C TC TD,4376,PAIR
5C 7C 9C TC TD,4377,PAIR
4C 7C 9C TC TD,4378,PAIR
3C 7C 9C TC TD,4379,PAIR
2C 7C 9C TC TD,4380,PAIR
5C 6C 9C TC TD,4381,PAIR
4C 6C 9C TC TD,4382,PAIR
3C 6C 9C TC TD,4383,PAIR
2C 6C 9C TC TD,4384,PAIR
4C 5C 9C TC TD,4385,PAIR
3C 5C 9C TC TD,4386,PAIR
2C 5C 9C TC TD,4387,PAIR
3C 4C 9C TC TD,4388,PAIR
2C 4C 9C TC TD,4389,PAIR
2C 3C 9C TC TD,4390,PAIR
6C 7C 8C TC TD,4391,PAIR
5C 7C 8C TC TD,4392,PAIR
4C 7C 8C TC TD,4393,PAIR
3C 7C 8C TC TD,4394,PAIR
2C 7C 8C TC TD,4395,PAIR
5C 6C 8C TC TD,4396,PAIR
4C 6C 8C TC TD,4397,PAIR
3C 6C 8C TC TD,4398,PAIR
2C 6C 8C TC TD,4399,PAIR
4C 5C 8C TC TD,4400,PAIR
3C 5C 8C TC TD,4401,PAIR
2C 5C 8C TC TD,4402,PAIR
3C 4C 8C TC TD,4403,PAIR
2C 4C 8C TC TD,4404,PAIR
2C 3C 8C TC TD,4405,PAIR
5C 6C 7C TC TD,4406,PAIR
4C 6C 7C TC TD,4407,PAIR
3C 6C 7C TC TD,4408,PAIR
2C 6C 7C TC TD,4409,PAIR
4C 5C 7C TC TD,4410,PAIR
3C 5C 7C TC TD,4411,PAIR
2C 5C 7C TC TD,4412,PAIR
3C 4C 7C TC TD,4413,PAIR
2C 4C 7C TC TD,4414,PAIR
2C 3C 7C TC TD,4415,PAIR
4C 5C 6C TC TD,4416,PAIR
3C 5C 6C TC TD,4417,PAIR
2C 5C 6C TC TD,4418,PAIR
3C 4C 6C TC TD,4419,PAIR
2C 4C 6C TC TD,4420,PAIR
2C 3C 6C TC TD,4421,PAIR
3C 4C 5C TC TD,4422,PAIR
2C 4C 5C TC TD,4423,PAIR
2C 3C 5C TC TD,4424,PAIR
2C 3C 4C TC TD,4425,PAIR
9C 9D QC KC AC,4426,PAIR
9C 9D JC KC AC,4427,PAIR
9C 9D TC KC AC,4428,PAIR
8C 9C 9D KC AC,4429,PAIR
7C 9C 9D KC AC,4430,PAIR
6C 9C 9D KC AC,4431,PAIR
5C 9C 9D KC AC,4432,PAIR
4C 9C 9D KC AC,4433,PAIR
3C 9C 9D KC AC,4434,PAIR
2C 9C 9D KC AC,4435,PAIR
9C 9D JC QC AC,4436,PAIR
9C 9D TC QC AC,4437,PAIR
8C 9C 9D QC AC,4438,PAIR
7C 9C 9D QC AC,4439,PAIR
6C 9C 9D QC AC,4440,PAIR
5C 9C 9D QC AC,4441,PAIR
4C 9C 9D QC AC,4442,PAIR
3C 9C 9D QC AC,4443,PAIR
2C 9C 9D QC AC,4444,PAIR
9C 9D TC JC AC,4445,PAIR
8C 9C 9D JC AC,4446,PAIR
7C 9C 9D JC AC,4447,PAIR
6C 9C 9D JC AC,4448,PAIR
5C 9C 9D JC AC,4449,PAIR
4C 9C 9D JC AC,4450,PAIR
3C 9C 9D JC AC,4451,PAIR
2C 9C 9D JC AC,4452,PAIR
8C 9C 9D TC AC,4453,PAIR
7C 9C 9D TC AC,4454,PAIR
6C 9C 9D TC AC,4455,PAIR
5C 9C 9D TC AC,4456,PAIR
4C 9C 9D TC AC,4457,PAIR
3C 9C 9D TC AC,4458,PAIR
2C 9C 9D TC AC,4459,PAIR
7C 8C 9C 9D AC,4460,PAIR
6C 8C 9C 9D AC,4461,PAIR
5C 8C 9C 9D AC,4462,PAIR
4C 8C 9C 9D AC,4463,PAIR
3C 8C 9C 9D AC,4464,PAIR
2C 8C 9C 9D AC,4465,PAIR
6C 7C 9C 9D AC,4466,PAIR
5C 7C 9C 9D AC,4467,PAIR
4C 7C 9C 9D AC,4468,PAIR
3C 7C 9C 9D AC,4469,PAIR
2C 7C 9C 9D AC,4470,PAIR
5C 6C 9C 9D AC,4471,PAIR
4C 6C 9C 9D AC,4472,PAIR
3C 6C 9C 9D AC,4473,PAIR
2C 6C 9C 9D AC,4474,PAIR
4C 5C 9C 9D AC,4475,PAIR
3C 5C 9C 9D AC,4476,PAIR
2C 5C 9C 9D AC,4477,PAIR
3C 4C 9C 9D AC,4478,PAIR
2C 4C 9C 9D AC,4479,PAIR
2C 3C 9C 9D AC,4480,PAIR
9C 9D JC QC KC,4481,PAIR
9C 9D TC QC KC,4482,PAIR
8C 9C 9D QC KC,4483,PAIR
7C 9C 9D QC KC,4484,PAIR
6C 9C 9D QC KC,4485,PAIR
5C 9C 9D QC KC,4486,PAIR
4C 9C 9D QC KC,4487,PAIR
3C 9C 9D QC KC,4488,PAIR
2C 9C 9D QC KC,4489,PAIR
9C 9D TC JC KC,4490,PAIR
8C 9C 9D JC KC,4491,PAIR
7C 9C 9D JC KC,4492,PAIR
6C 9C 9D JC KC,4493,PAIR
5C 9C 9D JC KC,4494,PAIR
4C 9C 9D JC KC,4495,PAIR
3C 9C 9D JC KC,4496,PAIR
2C 9C 9D JC KC,4497,PAIR
8C 9C 9D TC KC,4498,PAIR
7C 9C 9D TC KC,4499,PAIR
6C 9C 9D TC KC,4500,PAIR
5C 9C 9D TC KC,4501,PAIR
4C 9C 9D TC KC,4502,PAIR
3C 9C 9D TC KC,4503,PAIR
2C 9C 9D TC KC,4504,PAIR
7C 8C 9C 9D KC,4505,PAIR
6C 8C 9C 9D KC,4506,PAIR
5C 8C 9C 9D KC,4507,PAIR
4C 8C 9C 9D KC,4508,PAIR
3C 8C 9C 9D KC,4509,PAIR
2C 8C 9C 9D KC,4510,PAIR
6C 7C 9C 9D KC,4511,PAIR
5C 7C 9C 9D KC,4512,PAIR
4C 7C 9C 9D KC,4513,PAIR
3C 7C 9C 9D KC,4514,PAIR
2C 7C 9C 9D KC,4515,PAIR
5C 6C 9C 9D KC,4516,PAIR
4C 6C 9C 9D KC,4517,PAIR
3C 6C 9C 9D KC,4518,PAIR
2C 6C 9C 9D KC,4519,PAIR
4C 5C 9C 9D KC,4520,PAIR
3C 5C 9C 9D KC,4521,PAIR
2C 5C 9C 9D KC,4522,PAIR
3C 4C 9C 9D KC,4523,PAIR
2C 4C 9C 9D KC,4524,PAIR
2C 3C 9C 9D KC,4525,PAIR
9C 9D TC JC QC,4526,PAIR
8C 9C 9D JC QC,4527,PAIR
7C 9C 9D JC QC,4528,PAIR
6C 9C 9D JC QC,4529,PAIR
5C 9C 9D JC QC,4530,PAIR
4C 9C 9D JC QC,4531,PAIR
3C 9C 9D JC QC,4532,PAIR
2C 9C 9D JC QC,4533,PAIR
8C 9C 9D TC QC,4534,PAIR
7C 9C 9D TC QC,4535,PAIR
6C 9C 9D TC QC,4536,PAIR
5C 9C 9D TC QC,4537,PAIR
4C 9C 9D TC QC,4538,PAIR
3C 9C 9D TC QC,4539,PAIR
2C 9C 9D TC QC,4540,PAIR
7C 8C 9C 9D QC,4541,PAIR
6C 8C 9C 9D QC,4542,PAIR
5C 8C 9C 9D QC,4543,PAIR
4C 8C 9C 9D QC,4544,PAIR
3C 8C 9C 9D QC,4545,PAIR
2C 8C 9C 9D QC,4546,PAIR
6C 7C 9C 9D QC,4547,PAIR
5C 7C 9C 9D QC,4548,PAIR
4C 7C 9C 9D QC,4549,PAIR
3C 7C 9C 9D QC,4550,PAIR
2C 7C 9C 9D QC,4551,PAIR
5C 6C 9C 9D QC,4552,PAIR
4C 6C 9C 9D QC,4553,PAIR
3C 6C 9C 9D QC,4554,PAIR
2C 6C 9C 9D QC,4555,PAIR
4C 5C 9C 9D QC,4556,PAIR
3C 5C 9C 9D QC,4557,PAIR
2C 5C 9C 9D QC,4558,PAIR
3C 4C 9C 9D QC,4559,PAIR
2C 4C 9C 9D QC,4560,PAIR
2C 3C 9C 9D QC,4561,PAIR
8C 9C 9D TC JC,4562,PAIR
7C 9C 9D TC JC,4563,PAIR
6C 9C 9D TC JC,4564,PAIR
5C 9C 9D TC JC,4565,PAIR
4C 9C 9D TC JC,4566,PAIR
3C 9C 9D TC JC,4567,PAIR
2C 9C 9D TC JC,4568,PAIR
7C 8C 9C 9D JC,4569,PAIR
6C 8C 9C 9D JC,4570,PAIR
5C 8C 9C 9D JC,4571,PAIR
4C 8C 9C 9D JC,4572,PAIR
3C 8C 9C 9D JC,4573,PAIR
2C 8C 9C 9D JC,4574,PAIR
6C 7C 9C 9D JC,4575,PAIR
5C 7C 9C 9D JC,4576,PAIR
4C 7C 9C 9D JC,4577,PAIR
3C 7C 9C 9D JC,4578,PAIR
2C 7C 9C 9D JC,4579,PAIR
5C 6C 9C 9D JC,4580,PAIR
4C 6C 9C 9D JC,4581,PAIR
3C 6C 9C 9D JC,4582,PAIR
2C 6C 9C 9D JC,4583,PAIR
4C 5C 9C 9D JC,4584,PAIR
3C 5C 9C 9D JC,4585,PAIR
2C 5C 9C 9D JC,4586,PAIR
3C 4C 9C 9D JC,4587,PAIR
2C 4C 9C 9D JC,4588,PAIR
2C 3C 9C 9D JC,4589,PAIR
7C 8C 9C 9D TC,4590,PAIR
6C 8C 9C 9D TC,4591,PAIR
5C 8C 9C 9D TC,4592,PAIR
4C 8C 9C 9D TC,4593,PAIR
3C 8C 9C 9D TC,4594,PAIR
2C 8C 9C 9D TC,4595,PAIR
6C 7C 9C 9D TC,4596,PAIR
5C 7C 9C 9D TC,4597,PAIR
4C 7C 9C 9D TC,4598,PAIR
3C 7C 9C 9D TC,4599,PAIR
2C 7C 9C 9D TC,4600,PAIR
5C 6C 9C 9D TC,4601,PAIR
4C 6C 9C 9D TC,4602,PAIR
3C 6C 9C 9D TC,4603,PAIR
2C 6C 9C 9D TC,4604,PAIR
4C 5C 9C 9D TC,4605,PAIR
3C 5C 9C 9D TC,4606,PAIR
2C 5C 9C 9D TC,4607,PAIR
3C 4C 9C 9D TC,4608,PAIR
2C 4C 9C 9D TC,4609,PAIR
2C 3C 9C 9D TC,4610,PAIR
6C 7C 8C 9C 9D,4611,PAIR
5C 7C 8C 9C 9D,4612,PAIR
4C 7C 8C 9C 9D,4613,PAIR
3C 7C 8C 9C 9D,4614,PAIR
2C 7C 8C 9C 9D,4615,PAIR
5C 6C 8C 9C 9D,4616,PAIR
4C 6C 8C 9C 9D,4617,PAIR
3C 6C 8C 9C 9D,4618,PAIR
2C 6C 8C 9C 9D,4619,PAIR
4C 5C 8C 9C 9D,4620,PAIR
3C 5C 8C 9C 9D,4621,PAIR
2C 5C 8C 9C 9D,4622,PAIR
3C 4C 8C 9C 9D,4623,PAIR
2C 4C 8C 9C 9D,4624,PAIR
2C 3C 8C 9C 9D,4625,PAIR
5C 6C 7C 9C 9D,4626,PAIR
4C 6C 7C 9C 9D,4627,PAIR
3C 6C 7C 9C 9D,4628,PAIR
2C 6C 7C 9C 9D,4629,PAIR
4C 5C 7C 9C 9D,4630,PAIR
3C 5C 7C 9C 9D,4631,PAIR
2C 5C 7C 9C 9D,4632,PAIR
3C 4C 7C 9C 9D,4633,PAIR
2C 4C 7C 9C 9D,4634,PAIR
2C 3C 7C 9C 9D,4635,PAIR
4C 5C 6C 9C 9D,4636,PAIR
3C 5C 6C 9C 9D,4637,PAIR
2C 5C 6C 9C 9D,4638,PAIR
3C 4C 6C 9C 9D,4639,PAIR
2C 4C 6C 9C 9D,4640,PAIR
2C 3C 6C 9C 9D,4641,PAIR
3C 4C 5C 9C 9D,4642,PAIR
2C 4C 5C 9C 9D,4643,PAIR
2C 3C 5C 9C 9D,4644,PAIR
2C 3C 4C 9C 9D,4645,PAIR
8C 8D QC KC AC,4646,PAIR
8C 8D JC KC AC,4647,PAIR
8C 8D TC KC AC,4648,PAIR
8C 8D 9C KC AC,4649,PAIR
7C 8C 8D KC AC,4650,PAIR
6C 8C 8D KC AC,4651,PAIR
5C 8C 8D KC AC,4652,PAIR
4C 8C 8D KC AC,4653,PAIR
3C 8C 8D KC AC,4654,PAIR
2C 8C 8D KC AC,4655,PAIR
8C 8D JC QC AC,4656,PAIR
8C 8D TC QC AC,4657,PAIR
8C 8D 9C QC AC,4658,PAIR
7C 8C 8D QC AC,4659,PAIR
6C 8C 8D QC AC,4660,PAIR
5C 8C 8D QC AC,4661,PAIR
4C 8C 8D QC AC,4662,PAIR
3C 8C 8D QC AC,4663,PAIR
2C 8C 8D QC AC,4664,PAIR
8C 8D TC JC AC,4665,PAIR
8C 8D 9C JC AC,4666,PAIR
7C 8C 8D JC AC,4667,PAIR
6C 8C 8D JC AC,4668,PAIR
5C 8C 8D JC AC,4669,PAIR
4C 8C 8D JC AC,4670,PAIR
3C 8C 8D JC AC,4671,PAIR
2C 8C 8D JC AC,4672,PAIR
8C 8D 9C TC AC,4673,PAIR
7C 8C 8D TC AC,4674,PAIR
6C 8C 8D TC AC,4675,PAIR
5C 8C 8D TC AC,4676,PAIR
4C 8C 8D TC AC,4677,PAIR
3C 8C 8D TC AC,4678,PAIR
2C 8C 8D TC AC,4679,PAIR
7C 8C 8D 9C AC,4680,PAIR
6C 8C 8D 9C AC,4681,PAIR
5C 8C 8D 9C AC,4682,PAIR
4C 8C 8D 9C AC,4683,PAIR
3C 8C 8D 9C AC,4684,PAIR
2C 8C 8D 9C AC,4685,PAIR
6C 7C 8C 8D AC,4686,PAIR
5C 7C 8C 8D AC,4687,PAIR
4C 7C 8C 8D AC,4688,PAIR
3C 7C 8C 8D AC,4689,PAIR
2C 7C 8C 8D AC,4690,PAIR
5C 6C 8C 8D AC,4691,PAIR
4C 6C 8C 8D AC,4692,PAIR
3C 6C 8C 8D AC,4693,PAIR
2C 6C 8C 8D AC,4694,PAIR
4C 5C 8C 8D AC,4695,PAIR
3C 5C 8C 8D AC,4696,PAIR
2C 5C 8C 8D AC,4697,PAIR
3C 4C 8C 8D AC,4698,PAIR
2C 4C 8C 8D AC,4699,PAIR
2C 3C 8C 8D AC,4700,PAIR
8C 8D JC QC KC,4701,PAIR
8C 8D TC QC KC,4702,PAIR
8C 8D 9C QC KC,4703,PAIR
7C 8C 8D QC KC,4704,PAIR
6C 8C 8D QC KC,4705,PAIR
5C 8C 8D QC KC,4706,PAIR
4C 8C 8D QC KC,4707,PAIR
3C 8C 8D QC KC,4708,PAIR
2C 8C 8D QC KC,4709,PAIR
8C 8D TC JC KC,4710,PAIR
8C 8D 9C JC KC,4711,PAIR
7C 8C 8D JC KC,4712,PAIR
6C 8C 8D JC KC,4713,PAIR
5C 8C 8D JC KC,4714,PAIR
4C 8C 8D JC KC,4715,PAIR
3C 8C 8D JC KC,4716,PAIR
2C 8C 8D JC KC,4717,PAIR
8C 8D 9C TC KC,4718,PAIR
7C 8C 8D TC KC,4719,PAIR
6C 8C 8D TC KC,4720,PAIR
5C 8C 8D TC KC,4721,PAIR
4C 8C 8D TC KC,4722,PAIR
3C 8C 8D TC KC,4723,PAIR
2C 8C 8D TC KC,4724,PAIR
7C 8C 8D 9C KC,4725,PAIR
6C 8C 8D 9C KC,4726,PAIR
5C 8C 8D 9C KC,4727,PAIR
4C 8C 8D 9C KC,4728,PAIR
3C 8C 8D 9C KC,4729,PAIR
2C 8C 8D 9C KC,4730,PAIR
6C 7C 8C 8D KC,4731,PAIR
5C 7C 8C 8D KC,4732,PAIR
4C 7C 8C 8D KC,4733,PAIR
3C 7C 8C 8D KC,4734,PAIR
2C 7C 8C 8D KC,4735,PAIR
5C 6C 8C 8D KC,4736,PAIR
4C 6C 8C 8D KC,4737,PAIR
3C 6C 8C 8D KC,4738,PAIR
2C 6C 8C 8D KC,4739,PAIR
4C 5C 8C 8D KC,4740,PAIR
3C 5C 8C 8D KC,4741,PAIR
2C 5C 8C 8D KC,4742,PAIR
3C 4C 8C 8D KC,4743,PAIR
2C 4C 8C 8D KC,4744,PAIR
2C 3C 8C 8D KC,4745,PAIR
8C 8D TC JC QC,4746,PAIR
8C 8D 9C JC QC,4747,PAIR
7C 8C 8D JC QC,4748,PAIR
6C 8C 8D JC QC,4749,PAIR
5C 8C 8D JC QC,4750,PAIR
4C 8C 8D JC QC,4751,PAIR
3C 8C 8D JC QC,4752,PAIR
2C 8C 8D JC QC,4753,PAIR
8C 8D 9C TC QC,4754,PAIR
7C 8C 8D TC QC,4755,PAIR
6C 8C 8D TC QC,4756,PAIR
5C 8C 8D TC QC,4757,PAIR
4C 8C 8D TC QC,4758,PAIR
3C 8C 8D TC QC,4759,PAIR
2C 8C 8D TC QC,4760,PAIR
7C 8C 8D 9C QC,4761,PAIR
6C 8C 8D 9C QC,4762,PAIR
5C 8C 8D 9C QC,4763,PAIR
4C 8C 8D 9C QC,4764,PAIR
3C 8C 8D 9C QC,4765,PAIR
2C 8C 8D 9C QC,4766,PAIR
6C 7C 8C 8D QC,4767,PAIR
5C 7C 8C 8D QC,4768,PAIR
4C 7C 8C 8D QC,4769,PAIR
3C 7C 8C 8D QC,4770,PAIR
2C 7C 8C 8D QC,4771,PAIR
5C 6C 8C 8D QC,4772,PAIR
4C 6C 8C 8D QC,4773,PAIR
3C 6C 8C 8D QC,4774,PAIR
2C 6C 8C 8D QC,4775,PAIR
4C 5C 8C 8D QC,4776,PAIR
3C 5C 8C 8D QC,4777,PAIR
2C 5C 8C 8D QC,4778,PAIR
3C 4C 8C 8D QC,4779,PAIR
2C 4C 8C 8D QC,4780,PAIR
2C 3C 8C 8D QC,4781,PAIR
8C 8D 9C TC JC,4782,PAIR
7C 8C 8D TC JC,4783,PAIR
6C 8C 8D TC JC,4784,PAIR
5C 8C 8D TC JC,4785,PAIR
4C 8C 8D TC JC,4786,PAIR
3C 8C 8D TC JC,4787,PAIR
2C 8C 8D TC JC,4788,PAIR
7C 8C 8D 9C JC,4789,PAIR
6C 8C 8D 9C JC,4790,PAIR
5C 8C 8D 9C JC,4791,PAIR
4C 8C 8D 9C JC,4792,PAIR
3C 8C 8D 9C JC,4793,PAIR
2C 8C 8D 9C JC,4794,PAIR
6C 7C 8C 8D JC,4795,PAIR
5C 7C 8C 8D JC,4796,PAIR
4C 7C 8C 8D JC,4797,PAIR
3C 7C 8C 8D JC,4798,PAIR
2C 7C 8C 8D JC,4799,PAIR
5C 6C 8C 8D JC,4800,PAIR
4C 6C 8C 8D JC,4801,PAIR
3C 6C 8C 8D JC,4802,PAIR
2C 6C 8C 8D JC,4803,PAIR
4C 5C 8C 8D JC,4804,PAIR
3C 5C 8C 8D JC,4805,PAIR
2C 5C 8C 8D JC,4806,PAIR
3C 4C 8C 8D JC,4807,PAIR
2C 4C 8C 8D JC,4808,PAIR
2C 3C 8C 8D JC,4809,PAIR
7C 8C 8D 9C TC,4810,PAIR
6C 8C 8D 9C TC,4811,PAIR
5C 8C 8D 9C TC,4812,PAIR
4C 8C 8D 9C TC,4813,PAIR
3C 8C 8D 9C TC,4814,PAIR
2C 8C 8D 9C TC,4815,PAIR
6C 7C 8C 8D TC,4816,PAIR
5C 7C 8C 8D TC,4817,PAIR
4C 7C 8C 8D TC,4818,PAIR
3C 7C 8C 8D TC,4819,PAIR
2C 7C 8C 8D TC,4820,PAIR
5C 6C 8C 8D TC,4821,PAIR
4C 6C 8C 8D TC,4822,PAIR
3C 6C 8C 8D TC,4823,PAIR
2C 6C 8C 8D TC,4824,PAIR
4C 5C 8C 8D TC,4825,PAIR
3C 5C 8C 8D TC,4826,PAIR
2C 5C 8C 8D TC,4827,PAIR
3C 4C 8C 8D TC,4828,PAIR
2C 4C 8C 8D TC,4829,PAIR
2C 3C 8C 8D TC,4830,PAIR
6C 7C 8C 8D 9C,4831,PAIR
5C 7C 8C 8D 9C,4832,PAIR
4C 7C 8C 8D 9C,4833,PAIR
3C 7C 8C 8D 9C,4834,PAIR
2C 7C 8C 8D 9C,4835,PAIR
5C 6C 8C 8D 9C,4836,PAIR
4C 6C 8C 8D 9C,4837,PAIR
3C 6C 8C 8D 9C,4838,PAIR
2C 6C 8C 8D 9C,4839,PAIR
4C 5C 8C 8D 9C,4840,PAIR
3C 5C 8C 8D 9C,4841,PAIR
2C 5C 8C 8D 9C,4842,PAIR
3C 4C 8C 8D 9C,4843,PAIR
2C 4C 8C 8D 9C,4844,PAIR
2C 3C 8C 8D 9C,4845,PAIR
5C 6C 7C 8C 8D,4846,PAIR
4C 6C 7C 8C 8D,4847,PAIR
3C 6C 7C 8C 8D,4848,PAIR
2C 6C 7C 8C 8D,4849,PAIR
4C 5C 7C 8C 8D,4850,PAIR
3C 5C 7C 8C 8D,4851,PAIR
2C 5C 7C 8C 8D,4852,PAIR
3C 4C 7C 8C 8D,4853,PAIR
2C 4C 7C 8C 8D,4854,PAIR
2C 3C 7C 8C 8D,4855,PAIR
4C 5C 6C 8C 8D,4856,PAIR
3C 5C 6C 8C 8D,4857,PAIR
2C 5C 6C 8C 8D,4858,PAIR
3C 4C 6C 8C 8D,4859,PAIR
2C 4C 6C 8C 8D,4860,PAIR
2C 3C 6C 8C 8D,4861,PAIR
3C 4C 5C 8C 8D,4862,PAIR
2C 4C 5C 8C 8D,4863,PAIR
2C 3C 5C 8C 8D,4864,PAIR
2C 3C 4C 8C 8D,4865,PAIR
7C 7D QC KC AC,4866,PAIR
7C 7D JC KC AC,4867,PAIR
7C 7D TC KC AC,4868,PAIR
7C 7D 9C KC AC,4869,PAIR
7C 7D 8C KC AC,4870,PAIR
6C 7C 7D KC AC,4871,PAIR
5C 7C 7D KC AC,4872,PAIR
4C 7C 7D KC AC,4873,PAIR
3C 7C 7D KC AC,4874,PAIR
2C 7C 7D KC AC,4875,PAIR
7C 7D JC QC AC,4876,PAIR
7C 7D TC QC AC,4877,PAIR
7C 7D 9C QC AC,4878,PAIR
7C 7D 8C QC AC,4879,PAIR
6C 7C 7D QC AC,4880,PAIR
5C 7C 7D QC AC,4881,PAIR
4C 7C 7D QC AC,4882,PAIR
3C 7C 7D QC AC,4883,PAIR
2C 7C 7D QC AC,4884,PAIR
7C 7D TC JC AC,4885,PAIR
7C 7D 9C JC AC,4886,PAIR
7C 7D 8C JC AC,4887,PAIR
6C 7C 7D JC AC,4888,PAIR
5C 7C 7D JC AC,4889,PAIR
4C 7C 7D JC AC,4890,PAIR
3C 7C 7D JC AC,4891,PAIR
2C 7C 7D JC AC,4892,PAIR
7C 7D 9C TC AC,4893,PAIR
7C 7D 8C TC AC,4894,PAIR
6C 7C 7D TC AC,4895,PAIR
5C 7C 7D TC AC,4896,PAIR
4C 7C 7D TC AC,4897,PAIR
3C 7C 7D TC AC,4898,PAIR
2C 7C 7D TC AC,4899,PAIR
7C 7D 8C 9C AC,4900,PAIR
6C 7C 7D 9C AC,4901,PAIR
5C 7C 7D 9C AC,4902,PAIR
4C 7C 7D 9C AC,4903,PAIR
3C 7C 7D 9C AC,4904,PAIR
2C 7C 7D 9C AC,4905,PAIR
6C 7C 7D 8C AC,4906,PAIR
5C 7C 7D 8C AC,4907,PAIR
4C 7C 7D 8C AC,4908,PAIR
3C 7C 7D 8C AC,4909,PAIR
2C 7C 7D 8C AC,4910,PAIR
5C 6C 7C 7D AC,4911,PAIR
4C 6C 7C 7D AC,4912,PAIR
3C 6C 7C 7D AC,4913,PAIR
2C 6C 7C 7D AC,4914,PAIR
4C 5C 7C 7D AC,4915,PAIR
3C 5C 7C 7D AC,4916,PAIR
2C 5C 7C 7D AC,4917,PAIR
3C 4C 7C 7D AC,4918,PAIR
2C 4C 7C 7D AC,4919,PAIR
2C 3C 7C 7D AC,4920,PAIR
7C 7D JC QC KC,4921,PAIR
7C 7D TC QC KC,4922,PAIR
7C 7D 9C QC KC,4923,PAIR
7C 7D 8C QC KC,4924,PAIR
6C 7C 7D QC KC,4925,PAIR
5C 7C 7D QC KC,4926,PAIR
4C 7C 7D QC KC,4927,PAIR
3C 7C 7D QC KC,4928,PAIR
2C 7C 7D QC KC,4929,PAIR
7C 7D TC JC KC,4930,PAIR
7C 7D 9C JC KC,4931,PAIR
7C 7D 8C JC KC,4932,PAIR
6C 7C 7D JC KC,4933,PAIR
5C 7C 7D JC KC,4934,PAIR
4C 7C 7D JC KC,4935,PAIR
3C 7C 7D JC KC,4936,PAIR
2C 7C 7D JC KC,4937,PAIR
7C 7D 9C TC KC,4938,PAIR
7C 7D 8C TC KC,4939,PAIR
6C 7C 7D TC KC,4940,PAIR
5C 7C 7D TC KC,4941,PAIR
4C 7C 7D TC KC,4942,PAIR
3C 7C 7D TC KC,4943,PAIR
2C 7C 7D TC KC,4944,PAIR
7C 7D 8C 9C KC,4945,PAIR
6C 7C 7D 9C KC,4946,PAIR
5C 7C 7D 9C KC,4947,PAIR
4C 7C 7D 9C KC,4948,PAIR
3C 7C 7D 9C KC,4949,PAIR
2C 7C 7D 9C KC,4950,PAIR
6C 7C 7D 8C KC,4951,PAIR
5C 7C 7D 8C KC,4952,PAIR
4C 7C 7D 8C KC,4953,PAIR
3C 7C 7D 8C KC,4954,PAIR
2C 7C 7D 8C KC,4955,PAIR
5C 6C 7C 7D KC,4956,PAIR
4C 6C 7C 7D KC,4957,PAIR
3C 6C 7C 7D KC,4958,PAIR
2C 6C 7C 7D KC,4959,PAIR
4C 5C 7C 7D KC,4960,PAIR
3C 5C 7C 7D KC,4961,PAIR
2C 5C 7C 7D KC,4962,PAIR
3C 4C 7C 7D KC,4963,PAIR
2C 4C 7C 7D KC,4964,PAIR
2C 3C 7C 7D KC,4965,PAIR
7C 7D TC JC QC,4966,PAIR
7C 7D 9C JC QC,4967,PAIR
7C 7D 8C JC QC,4968,PAIR
6C 7C 7D JC QC,4969,PAIR
5C 7C 7D JC QC,4970,PAIR
4C 7C 7D JC QC,4971,PAIR
3C 7C 7D JC QC,4972,PAIR
2C 7C 7D JC QC,4973,PAIR
7C 7D 9C TC QC,4974,PAIR
7C 7D 8C TC QC,4975,PAIR
6C 7C 7D TC QC,4976,PAIR
5C 7C 7D TC QC,4977,PAIR
4C 7C 7D TC QC,4978,PAIR
3C 7C 7D TC QC,4979,PAIR
2C 7C 7D TC QC,4980,PAIR
7C 7D 8C 9C QC,4981,PAIR
6C 7C 7D 9C QC,4982,PAIR
5C 7C 7D 9C QC,4983,PAIR
4C 7C 7D 9C QC,4984,PAIR
3C 7C 7D 9C QC,4985,PAIR
2C 7C 7D 9C QC,4986,PAIR
6C 7C 7D 8C QC,4987,PAIR
5C 7C 7D 8C QC,4988,PAIR
4C 7C 7D 8C QC,4989,PAIR
3C 7C 7D 8C QC,4990,PAIR
2C 7C 7D 8C QC,4991,PAIR
5C 6C 7C 7D QC,4992,PAIR
4C 6C 7C 7D QC,4993,PAIR
3C 6C 7C 7D QC,4994,PAIR
2C 6C 7C 7D QC,4995,PAIR
4C 5C 7C 7D QC,4996,PAIR
3C 5C 7C 7D QC,4997,PAIR
2C 5C 7C 7D QC,4998,PAIR
3C 4C 7C 7D QC,4999,PAIR
2C 4C 7C 7D QC,5000,PAIR
2C 3C 7C 7D QC,5001,PAIR
7C 7D 9C TC JC,5002,PAIR
7C 7D 8C TC JC,5003,PAIR
6C 7C 7D TC JC,5004,PAIR
5C 7C 7D TC JC,5005,PAIR
4C 7C 7D TC JC,5006,PAIR
3C 7C 7D TC JC,5007,PAIR
2C 7C 7D TC JC,5008,PAIR
7C 7D 8C 9C JC,5009,PAIR
6C 7C 7D 9C JC,5010,PAIR
5C 7C 7D 9C JC,5011,PAIR
4C 7C 7D 9C JC,5012,PAIR
3C 7C 7D 9C JC,5013,PAIR
2C 7C 7D 9C JC,5014,PAIR
6C 7C 7D 8C JC,5015,PAIR
5C 7C 7D 8C JC,5016,PAIR
4C 7C 7D 8C JC,5017,PAIR
3C 7C 7D 8C JC,5018,PAIR
2C 7C 7D 8C JC,5019,PAIR
5C 6C 7C 7D JC,5020,PAIR
4C 6C 7C 7D JC,5021,PAIR
3C 6C 7C 7D JC,5022,PAIR
2C 6C 7C 7D JC,5023,PAIR
4C 5C 7C 7D JC,5024,PAIR
3C 5C 7C 7D JC,5025,PAIR
2C 5C 7C 7D JC,5026,PAIR
3C 4C 7C 7D JC,5027,PAIR
2C 4C 7C 7D JC,5028,PAIR
2C 3C 7C 7D JC,5029,PAIR
7C 7D 8C 9C TC,5030,PAIR
6C 7C 7D 9C TC,5031,PAIR
5C 7C 7D 9C TC,5032,PAIR
4C 7C 7D 9C TC,5033,PAIR
3C 7C 7D 9C TC,5034,PAIR
2C 7C 7D 9C TC,5035,PAIR
6C 7C 7D 8C TC,5036,PAIR
5C 7C 7D 8C TC,5037,PAIR
4C 7C 7D 8C TC,5038,PAIR
3C 7C 7D 8C TC,5039,PAIR
2C 7C 7D 8C TC,5040,PAIR
5C 6C 7C 7D TC,5041,PAIR
4C 6C 7C 7D TC,5042,PAIR
3C 6C 7C 7D TC,5043,PAIR
2C 6C 7C 7D TC,5044,PAIR
4C 5C 7C 7D TC,5045,PAIR
3C 5C 7C 7D TC,5046,PAIR
2C 5C 7C 7D TC,5047,PAIR
3C 4C 7C 7D TC,5048,PAIR
2C 4C 7C 7D TC,5049,PAIR
2C 3C 7C 7D TC,5050,PAIR
6C 7C 7D 8C 9C,5051,PAIR
5C 7C 7D 8C 9C,5052,PAIR
4C 7C 7D 8C 9C,5053,PAIR
3C 7C 7D 8C 9C,5054,PAIR
2C 7C 7D 8C 9C,5055,PAIR
5C 6C 7C 7D 9C,5056,PAIR
4C 6C 7C 7D 9C,5057,PAIR
3C 6C 7C 7D 9C,5058,PAIR
2C 6C 7C 7D 9C,5059,PAIR
4C 5C 7C 7D 9C,5060,PAIR
3C 5C 7C 7D 9C,5061,PAIR
2C 5C 7C 7D 9C,5062,PAIR
3C 4C 7C 7D 9C,5063,PAIR
2C 4C 7C 7D 9C,5064,PAIR
2C 3C 7C 7D 9C,5065,PAIR
5C 6C 7C 7D 8C,5066,PAIR
4C 6C 7C 7D 8C,5067,PAIR
3C 6C 7C 7D 8C,5068,PAIR
2C 6C 7C 7D 8C,5069,PAIR
4C 5C 7C 7D 8C,5070,PAIR
3C 5C 7C 7D 8C,5071,PAIR
2C 5C 7C 7D 8C,5072,PAIR
3C 4C 7C 7D 8C,5073,PAIR
2C 4C 7C 7D 8C,5074,PAIR
2C 3C 7C 7D 8C,5075,PAIR
4C 5C 6C 7C 7D,5076,PAIR
3C 5C 6C 7C 7D,5077,PAIR
2C 5C 6C 7C 7D,5078,PAIR
3C 4C 6C 7C 7D,5079,PAIR
2C 4C 6C 7C 7D,5080,PAIR
2C 3C 6C 7C 7D,5081,PAIR
3C 4C 5C 7C 7D,5082,PAIR
2C 4C 5C 7C 7D,5083,PAIR
2C 3C 5C 7C 7D,5084,PAIR
2C 3C 4C 7C 7D,5085,PAIR
6C 6D QC KC AC,5086,PAIR
6C 6D JC KC AC,5087,PAIR
6C 6D TC KC AC,5088,PAIR
6C 6D 9C KC AC,5089,PAIR
6C 6D 8C KC AC,5090,PAIR
6C 6D 7C KC AC,5091,PAIR
5C 6C 6D KC AC,5092,PAIR
4C 6C 6D KC AC,5093,PAIR
3C 6C 6D KC AC,5094,PAIR
2C 6C 6D KC AC,5095,PAIR
6C 6D JC QC AC,5096,PAIR
6C 6D TC QC AC,5097,PAIR
6C 6D 9C QC AC,5098,PAIR
6C 6D 8C QC AC,5099,PAIR
6C 6D 7C QC AC,5100,PAIR
5C 6C 6D QC AC,5101,PAIR
4C 6C 6D QC AC,5102,PAIR
3C 6C 6D QC AC,5103,PAIR
2C 6C 6D QC AC,5104,PAIR
6C 6D TC JC AC,5105,PAIR
6C 6D 9C JC AC,5106,PAIR
6C 6D 8C JC AC,5107,PAIR
6C 6D 7C JC AC,5108,PAIR
5C 6C 6D JC AC,5109,PAIR
4C 6C 6D JC AC,5110,PAIR
3C 6C 6D JC AC,5111,PAIR
2C 6C 6D JC AC,5112,PAIR
6C 6D 9C TC AC,5113,PAIR
6C 6D 8C TC AC,5114,PAIR
6C 6D 7C TC AC,5115,PAIR
5C 6C 6D TC AC,5116,PAIR
4C 6C 6D TC AC,5117,PAIR
3C 6C 6D TC AC,5118,PAIR
2C 6C 6D TC AC,5119,PAIR
6C 6D 8C 9C AC,5120,PAIR
6C 6D 7C 9C AC,5121,PAIR
5C 6C 6D 9C AC,5122,PAIR
4C 6C 6D 9C AC,5123,PAIR
3C 6C 6D 9C AC,5124,PAIR
2C 6C 6D 9C AC,5125,PAIR
6C 6D 7C 8C AC,5126,PAIR
5C 6C 6D 8C AC,5127,PAIR
4C 6C 6D 8C AC,5128,PAIR
3C 6C 6D 8C AC,5129,PAIR
2C 6C 6D 8C AC,5130,PAIR
5C 6C 6D 7C AC,5131,PAIR
4C 6C 6D 7C AC,5132,PAIR
3C 6C 6D 7C AC,5133,PAIR
2C 6C 6D 7C AC,5134,PAIR
4C 5C 6C 6D AC,5135,PAIR
3C 5C 6C 6D AC,5136,PAIR
2C 5C 6C 6D AC,5137,PAIR
3C 4C 6C 6D AC,5138,PAIR
2C 4C 6C 6D AC,5139,PAIR
2C 3C 6C 6D AC,5140,PAIR
6C 6D JC QC KC,5141,PAIR
6C 6D TC QC KC,5142,PAIR
6C 6D 9C QC KC,5143,PAIR
6C 6D 8C QC KC,5144,PAIR
6C 6D 7C QC KC,5145,PAIR
5C 6C 6D QC KC,5146,PAIR
4C 6C 6D QC KC,5147,PAIR
3C 6C 6D QC KC,5148,PAIR
2C 6C 6D QC KC,5149,PAIR
6C 6D TC JC KC,5150,PAIR
6C 6D 9C JC KC,5151,PAIR
6C 6D 8C JC KC,5152,PAIR
6C 6D 7C JC KC,5153,PAIR
5C 6C 6D JC KC,5154,PAIR
4C 6C 6D JC KC,5155,PAIR
3C 6C 6D JC KC,5156,PAIR
2C 6C 6D JC KC,5157,PAIR
6C 6D 9C TC KC,5158,PAIR
6C 6D 8C TC KC,5159,PAIR
6C 6D 7C TC KC,5160,PAIR
5C 6C 6D TC KC,5161,PAIR
4C 6C 6D TC KC,5162,PAIR
3C 6C 6D TC KC,5163,PAIR
2C 6C 6D TC KC,5164,PAIR
6C 6D 8C 9C KC,5165,PAIR
6C 6D 7C 9C KC,5166,PAIR
5C 6C 6D 9C KC,5167,PAIR
4C 6C 6D 9C KC,5168,PAIR
3C 6C 6D 9C KC,5169,PAIR
2C 6C 6D 9C KC,5170,PAIR
6C 6D 7C 8C KC,5171,PAIR
5C 6C 6D 8C KC,5172,PAIR
4C 6C 6D 8C KC,5173,PAIR
3C 6C 6D 8C KC,5174,PAIR
2C 6C 6D 8C KC,5175,PAIR
5C 6C 6D 7C KC,5176,PAIR
4C 6C 6D 7C KC,5177,PAIR
3C 6C 6D 7C KC,5178,PAIR
2C 6C 6D 7C KC,5179,PAIR
4C 5C 6C 6D KC,5180,PAIR
3C 5C 6C 6D KC,5181,PAIR
2C 5C 6C 6D KC,5182,PAIR
3C 4C 6C 6D KC,5183,PAIR
2C 4C 6C 6D KC,5184,PAIR
2C 3C 6C 6D KC,5185,PAIR
6C 6D TC JC QC,5186,PAIR
6C 6D 9C JC QC,5187,PAIR
6C 6D 8C JC QC,5188,PAIR
6C 6D 7C JC QC,5189,PAIR
5C 6C 6D JC QC,5190,PAIR
4C 6C 6D JC QC,5191,PAIR
3C 6C 6D JC QC,5192,PAIR
2C 6C 6D JC QC,5193,PAIR
6C 6D 9C TC QC,5194,PAIR
6C 6D 8C TC QC,5195,PAIR
6C 6D 7C TC QC,5196,PAIR
5C 6C 6D TC QC,5197,PAIR
4C 6C 6D TC QC,5198,PAIR
3C 6C 6D TC QC,5199,PAIR
2C 6C 6D TC QC,5200,PAIR
6C 6D 8C 9C QC,5201,PAIR
6C 6D 7C 9C QC,5202,PAIR
5C 6C 6D 9C QC,5203,PAIR
4C 6C 6D 9C QC,5204,PAIR
3C 6C 6D 9C QC,5205,PAIR
2C 6C 6D 9C QC,5206,PAIR
6C 6D 7C 8C QC,5207,PAIR
5C 6C 6D 8C QC,5208,PAIR
4C 6C 6D 8C QC,5209,PAIR
3C 6C 6D 8C QC,5210,PAIR
2C 6C 6D 8C QC,5211,PAIR
5C 6C 6D 7C QC,5212,PAIR
4C 6C 6D 7C QC,5213,PAIR
3C 6C 6D 7C QC,5214,PAIR
2C 6C 6D 7C QC,5215,PAIR
4C 5C 6C 6D QC,5216,PAIR
3C 5C 6C 6D QC,5217,PAIR
2C 5C 6C 6D QC,5218,PAIR
3C 4C 6C 6D QC,5219,PAIR
2C 4C 6C 6D QC,5220,PAIR
2C 3C 6C 6D QC,5221,PAIR
6C 6D 9C TC JC,5222,PAIR
6C 6D 8C TC JC,5223,PAIR
6C 6D 7C TC JC,5224,PAIR
5C 6C 6D TC JC,5225,PAIR
4C 6C 6D TC JC,5226,PAIR
3C 6C 6D TC JC,5227,PAIR
2C 6C 6D TC JC,5228,PAIR
6C 6D 8C 9C JC,5229,PAIR
6C 6D 7C 9C JC,5230,PAIR
5C 6C 6D 9C JC,5231,PAIR
4C 6C 6D 9C JC,5232,PAIR
3C 6C 6D 9C JC,5233,PAIR
2C 6C 6D 9C JC,5234,PAIR
6C 6D 7C 8C JC,5235,PAIR
5C 6C 6D 8C JC,5236,PAIR
4C 6C 6D 8C JC,5237,PAIR
3C 6C 6D 8C JC,5238,PAIR
2C 6C 6D 8C JC,5239,PAIR
5C 6C 6D 7C JC,5240,PAIR
4C 6C 6D 7C JC,5241,PAIR
3C 6C 6D 7C JC,5242,PAIR
2C 6C 6D 7C JC,5243,PAIR
4C 5C 6C 6D JC,5244,PAIR
3C 5C 6C 6D JC,5245,PAIR
2C 5C 6C 6D JC,5246,PAIR
3C 4C 6C 6D JC,5247,PAIR
2C 4C 6C 6D JC,5248,PAIR
2C 3C 6C 6D JC,5249,PAIR
6C 6D 8C 9C TC,5250,PAIR
6C 6D 7C 9C TC,5251,PAIR
5C 6C 6D 9C TC,5252,PAIR
4C 6C 6D 9C TC,5253,PAIR
3C 6C 6D 9C TC,5254,PAIR
2C 6C 6D 9C TC,5255,PAIR
6C 6D 7C 8C TC,5256,PAIR
5C 6C 6D 8C TC,5257,PAIR
4C 6C 6D 8C TC,5258,PAIR
3C 6C 6D 8C TC,5259,PAIR
2C 6C 6D 8C TC,5260,PAIR
5C 6C 6D 7C TC,5261,PAIR
4C 6C 6D 7C TC,5262,PAIR
3C 6C 6D 7C TC,5263,PAIR
2C 6C 6D 7C TC,5264,PAIR
4C 5C 6C 6D TC,5265,PAIR
3C 5C 6C 6D TC,5266,PAIR
2C 5C 6C 6D TC,5267,PAIR
3C 4C 6C 6D TC,5268,PAIR
2C 4C 6C 6D TC,5269,PAIR
2C 3C 6C 6D TC,5270,PAIR
6C 6D 7C 8C 9C,5271,PAIR
5C 6C 6D 8C 9C,5272,PAIR
4C 6C 6D 8C 9C,5273,PAIR
3C 6C 6D 8C 9C,5274,PAIR
2C 6C 6D 8C 9C,5275,PAIR
5C 6C 6D 7C 9C,5276,PAIR
4C 6C 6D 7C 9C,5277,PAIR
3C 6C 6D 7C 9C,5278,PAIR
2C 6C 6D 7C 9C,5279,PAIR
4C 5C 6C 6D 9C,5280,PAIR
3C 5C 6C 6D 9C,5281,PAIR
2C 5C 6C 6D 9C,5282,PAIR
3C 4C 6C 6D 9C,5283,PAIR
2C 4C 6C 6D 9C,5284,PAIR
2C 3C 6C 6D 9C,5285,PAIR
5C 6C 6D 7C 8C,5286,PAIR
4C 6C 6D 7C 8C,5287,PAIR
3C 6C 6D 7C 8C,5288,PAIR
2C 6C 6D 7C 8C,5289,PAIR
4C 5C 6C 6D 8C,5290,PAIR
3C 5C 6C 6D 8C,5291,PAIR
2C 5C 6C 6D 8C,5292,PAIR
3C 4C 6C 6D 8C,5293,PAIR
2C 4C 6C 6D 8C,5294,PAIR
2C 3C 6C 6D 8C,5295,PAIR
4C 5C 6C 6D 7C,5296,PAIR
3C 5C 6C 6D 7C,5297,PAIR
2C 5C 6C 6D 7C,5298,PAIR
3C 4C 6C 6D 7C,5299,PAIR
2C 4C 6C 6D 7C,5300,PAIR
2C 3C 6C 6D 7C,5301,PAIR
3C 4C 5C 6C 6D,5302,PAIR
2C 4C 5C 6C 6D,5303,PAIR
2C 3C 5C 6C 6D,5304,PAIR
2C 3C 4C 6C 6D,5305,PAIR
5C 5D QC KC AC,5306,PAIR
5C 5D JC KC AC,5307,PAIR
5C 5D TC KC AC,5308,PAIR
5C 5D 9C KC AC,5309,PAIR
5C 5D 8C KC AC,5310,PAIR
5C 5D 7C KC AC,5311,PAIR
5C 5D 6C KC AC,5312,PAIR
4C 5C 5D KC AC,5313,PAIR
3C 5C 5D KC AC,5314,PAIR
2C 5C 5D KC AC,5315,PAIR
5C 5D JC QC AC,5316,PAIR
5C 5D TC QC AC,5317,PAIR
5C 5D 9C QC AC,5318,PAIR
5C 5D 8C QC AC,5319,PAIR
5C 5D 7C QC AC,5320,PAIR
5C 5D 6C QC AC,5321,PAIR
4C 5C 5D QC AC,5322,PAIR
3C 5C 5D QC AC,5323,PAIR
2C 5C 5D QC AC,5324,PAIR
5C 5D TC JC AC,5325,PAIR
5C 5D 9C JC AC,5326,PAIR
5C 5D 8C JC AC,5327,PAIR
5C 5D 7C JC AC,5328,PAIR
5C 5D 6C JC AC,5329,PAIR
4C 5C 5D JC AC,5330,PAIR
3C 5C 5D JC AC,5331,PAIR
2C 5C 5D JC AC,5332,PAIR
5C 5D 9C TC AC,5333,PAIR
5C 5D 8C TC AC,5334,PAIR
5C 5D 7C TC AC,5335,PAIR
5C 5D 6C TC AC,5336,PAIR
4C 5C 5D TC AC,5337,PAIR
3C 5C 5D TC AC,5338,PAIR
2C 5C 5D TC AC,5339,PAIR
5C 5D 8C 9C AC,5340,PAIR
5C 5D 7C 9C AC,5341,PAIR
5C 5D 6C 9C AC,5342,PAIR
4C 5C 5D 9C AC,5343,PAIR
3C 5C 5D 9C AC,5344,PAIR
2C 5C 5D 9C AC,5345,PAIR
5C 5D 7C 8C AC,5346,PAIR
5C 5D 6C 8C AC,5347,PAIR
4C 5C 5D 8C AC,5348,PAIR
3C 5C 5D 8C AC,5349,PAIR
2C 5C 5D 8C AC,5350,PAIR
5C 5D 6C 7C AC,5351,PAIR
4C 5C 5D 7C AC,5352,PAIR
3C 5C 5D 7C AC,5353,PAIR
2C 5C 5D 7C AC,5354,PAIR
4C 5C 5D 6C AC,5355,PAIR
3C 5C 5D 6C AC,5356,PAIR
2C 5C 5D 6C AC,5357,PAIR
3C 4C 5C 5D AC,5358,PAIR
2C 4C 5C 5D AC,5359,PAIR
2C 3C 5C 5D AC,5360,PAIR
5C 5D JC QC KC,5361,PAIR
5C 5D TC QC KC,5362,PAIR
5C 5D 9C QC KC,5363,PAIR
5C 5D 8C QC KC,5364,PAIR
5C 5D 7C QC KC,5365,PAIR
5C 5D 6C QC KC,5366,PAIR
4C 5C 5D QC KC,5367,PAIR
3C 5C 5D QC KC,5368,PAIR
2C 5C 5D QC KC,5369,PAIR
5C 5D TC JC KC,5370,PAIR
5C 5D 9C JC KC,5371,PAIR
5C 5D 8C JC KC,5372,PAIR
5C 5D 7C JC KC,5373,PAIR
5C 5D 6C JC KC,5374,PAIR
4C 5C 5D JC KC,5375,PAIR
3C 5C 5D JC KC,5376,PAIR
2C 5C 5D JC KC,5377,PAIR
5C 5D 9C TC KC,5378,PAIR
5C 5D 8C TC KC,5379,PAIR
5C 5D 7C TC KC,5380,PAIR
5C 5D 6C TC KC,5381,PAIR
4C 5C 5D TC KC,5382,PAIR
3C 5C 5D TC KC,5383,PAIR
2C 5C 5D TC KC,5384,PAIR
5C 5D 8C 9C KC,5385,PAIR
5C 5D 7C 9C KC,5386,PAIR
5C 5D 6C 9C KC,5387,PAIR
4C 5C 5D 9C KC,5388,PAIR
3C 5C 5D 9C KC,5389,PAIR
2C 5C 5D 9C KC,5390,PAIR
5C 5D 7C 8C KC,5391,PAIR
5C 5D 6C 8C KC,5392,PAIR
4C 5C 5D 8C KC,5393,PAIR
3C 5C 5D 8C KC,5394,PAIR
2C 5C 5D 8C KC,5395,PAIR
5C 5D 6C 7C KC,5396,PAIR
4C 5C 5D 7C KC,5397,PAIR
3C 5C 5D 7C KC,5398,PAIR
2C 5C 5D 7C KC,5399,PAIR
4C 5C 5D 6C KC,5400,PAIR
3C 5C 5D 6C KC,5401,PAIR
2C 5C 5D 6C KC,5402,PAIR
3C 4C 5C 5D KC,5403,PAIR
2C 4C 5C 5D KC,5404,PAIR
2C 3C 5C 5D KC,5405,PAIR
5C 5D TC JC QC,5406,PAIR
5C 5D 9C JC QC,5407,PAIR
5C 5D 8C JC QC,5408,PAIR
5C 5D 7C JC QC,5409,PAIR
5C 5D 6C JC QC,5410,PAIR
4C 5C 5D JC QC,5411,PAIR
3C 5C 5D JC QC,5412,PAIR
2C 5C 5D JC QC,5413,PAIR
5C 5D 9C TC QC,5414,PAIR
5C 5D 8C TC QC,5415,PAIR
5C 5D 7C TC QC,5416,PAIR
5C 5D 6C TC QC,5417,PAIR
4C 5C 5D TC QC,5418,PAIR
3C 5C 5D TC QC,5419,PAIR
2C 5C 5D TC QC,5420,PAIR
5C 5D 8C 9C QC,5421,PAIR
5C 5D 7C 9C QC,5422,PAIR
5C 5D 6C 9C QC,5423,PAIR
4C 5C 5D 9C QC,5424,PAIR
3C 5C 5D 9C QC,5425,PAIR
2C 5C 5D 9C QC,5426,PAIR
5C 5D 7C 8C QC,5427,PAIR
5C 5D 6C 8C QC,5428,PAIR
4C 5C 5D 8C QC,5429,PAIR
3C 5C 5D 8C QC,5430,PAIR
2C 5C 5D 8C QC,5431,PAIR
5C 5D 6C 7C QC,5432,PAIR
4C 5C 5D 7C QC,5433,PAIR
3C 5C 5D 7C QC,5434,PAIR
2C 5C 5D 7C QC,5435,PAIR
4C 5C 5D 6C QC,5436,PAIR
3C 5C 5D 6C QC,5437,PAIR
2C 5C 5D 6C QC,5438,PAIR
3C 4C 5C 5D QC,5439,PAIR
2C 4C 5C 5D QC,5440,PAIR
2C 3C 5C 5D QC,5441,PAIR
5C 5D 9C TC JC,5442,PAIR
5C 5D 8C TC JC,5443,PAIR
5C 5D 7C TC JC,5444,PAIR
5C 5D 6C TC JC,5445,PAIR
4C 5C 5D TC JC,5446,PAIR
3C 5C 5D TC JC,5447,PAIR
2C 5C 5D TC JC,5448,PAIR
5C 5D 8C 9C JC,5449,PAIR
5C 5D 7C 9C JC,5450,PAIR
5C 5D 6C 9C JC,5451,PAIR
4C 5C 5D 9C JC,5452,PAIR
3C 5C 5D 9C JC,5453,PAIR
2C 5C 5D 9C JC,5454,PAIR
5C 5D 7C 8C JC,5455,PAIR
5C 5D 6C 8C JC,5456,PAIR
4C 5C 5D 8C JC,5457,PAIR
3C 5C 5D 8C JC,5458,PAIR
2C 5C 5D 8C JC,5459,PAIR
5C 5D 6C 7C JC,5460,PAIR
4C 5C 5D 7C JC,5461,PAIR
3C 5C 5D 7C JC,5462,PAIR
2C 5C 5D 7C JC,5463,PAIR
4C 5C 5D 6C JC,5464,PAIR
3C 5C 5D 6C JC,5465,PAIR
2C 5C 5D 6C JC,5466,PAIR
3C 4C 5C 5D JC,5467,PAIR
2C 4C 5C 5D JC,5468,PAIR
2C 3C 5C 5D JC,5469,PAIR
5C 5D 8C 9C TC,5470,PAIR
5C 5D 7C 9C TC,5471,PAIR
5C 5D 6C 9C TC,5472,PAIR
4C 5C 5D 9C TC,5473,PAIR
3C 5C 5D 9C TC,5474,PAIR
2C 5C 5D 9C TC,5475,PAIR
5C 5D 7C 8C TC,5476,PAIR
5C 5D 6C 8C TC,5477,PAIR
4C 5C 5D 8C TC,5478,PAIR
3C 5C 5D 8C TC,5479,PAIR
2C 5C 5D 8C TC,5480,PAIR
5C 5D 6C 7C TC,5481,PAIR
4C 5C 5D 7C TC,5482,PAIR
3C 5C 5D 7C TC,5483,PAIR
2C 5C 5D 7C TC,5484,PAIR
4C 5C 5D 6C TC,5485,PAIR
3C 5C 5D 6C TC,5486,PAIR
2C 5C 5D 6C TC,5487,PAIR
3C 4C 5C 5D TC,5488,PAIR
2C 4C 5C 5D TC,5489,PAIR
2C 3C 5C 5D TC,5490,PAIR
5C 5D 7C 8C 9C,5491,PAIR
5C 5D 6C 8C 9C,5492,PAIR
4C 5C 5D 8C 9C,5493,PAIR
3C 5C 5D 8C 9C,5494,PAIR
2C 5C 5D 8C 9C,5495,PAIR
5C 5D 6C 7C 9C,5496,PAIR
4C 5C 5D 7C 9C,5497,PAIR
3C 5C 5D 7C 9C,5498,PAIR
2C 5C 5D 7C 9C,5499,PAIR
4C 5C 5D 6C 9C,5500,PAIR
3C 5C 5D 6C 9C,5501,PAIR
2C 5C 5D 6C 9C,5502,PAIR
3C 4C 5C 5D 9C,5503,PAIR
2C 4C 5C 5D 9C,5504,PAIR
2C 3C 5C 5D 9C,5505,PAIR
5C 5D 6C 7C 8C,5506,PAIR
4C 5C 5D 7C 8C,5507,PAIR
3C 5C 5D 7C 8C,5508,PAIR
2C 5C 5D 7C 8C,5509,PAIR
4C 5C 5D 6C 8C,5510,PAIR
3C 5C 5D 6C 8C,5511,PAIR
2C 5C 5D 6C 8C,5512,PAIR
3C 4C 5C 5D 8C,5513,PAIR
2C 4C 5C 5D 8C,5514,PAIR
2C 3C 5C 5D 8C,5515,PAIR
4C 5C 5D 6C 7C,5516,PAIR
3C 5C 5D 6C 7C,5517,PAIR
2C 5C 5D 6C 7C,5518,PAIR
3C 4C 5C 5D 7C,5519,PAIR
2C 4C 5C 5D 7C,5520,PAIR
2C 3C 5C 5D 7C,5521,PAIR
3C 4C 5C 5D 6C,5522,PAIR
2C 4C 5C 5D 6C,5523,PAIR
2C 3C 5C 5D 6C,5524,PAIR
2C 3C 4C 5C 5D,5525,PAIR
4C 4D QC KC AC,5526,PAIR
4C 4D JC KC AC,5527,PAIR
4C 4D TC KC AC,5528,PAIR
4C 4D 9C KC AC,5529,PAIR
4C 4D 8C KC AC,5530,PAIR
4C 4D 7C KC AC,5531,PAIR
4C 4D 6C KC AC,5532,PAIR
4C 4D 5C KC AC,5533,PAIR
3C 4C 4D KC AC,5534,PAIR
2C 4C 4D KC AC,5535,PAIR
4C 4D JC QC AC,5536,PAIR
4C 4D TC QC AC,5537,PAIR
4C 4D 9C QC AC,5538,PAIR
4C 4D 8C QC AC,5539,PAIR
4C 4D 7C QC AC,5540,PAIR
4C 4D 6C QC AC,5541,PAIR
4C 4D 5C QC AC,5542,PAIR
3C 4C 4D QC AC,5543,PAIR
2C 4C 4D QC AC,5544,PAIR
4C 4D TC JC AC,5545,PAIR
4C 4D 9C JC AC,5546,PAIR
4C 4D 8C JC AC,5547,PAIR
4C 4D 7C JC AC,5548,PAIR
4C 4D 6C JC AC,5549,PAIR
4C 4D 5C JC AC,5550,PAIR
3C 4C 4D JC AC,5551,PAIR
2C 4C 4D JC AC,5552,PAIR
4C 4D 9C TC AC,5553,PAIR
4C 4D 8C TC AC,5554,PAIR
4C 4D 7C TC AC,5555,PAIR
4C 4D 6C TC AC,5556,PAIR
4C 4D 5C TC AC,5557,PAIR
3C 4C 4D TC AC,5558,PAIR
2C 4C 4D TC AC,5559,PAIR
4C 4D 8C 9C AC,5560,PAIR
4C 4D 7C 9C AC,5561,PAIR
4C 4D 6C 9C AC,5562,PAIR
4C 4D 5C 9C AC,5563,PAIR
3C 4C 4D 9C AC,5564,PAIR
2C 4C 4D 9C AC,5565,PAIR
4C 4D 7C 8C AC,5566,PAIR
4C 4D 6C 8C AC,5567,PAIR
4C 4D 5C 8C AC,5568,PAIR
3C 4C 4D 8C AC,5569,PAIR
2C 4C 4D 8C AC,5570,PAIR
4C 4D 6C 7C AC,5571,PAIR
4C 4D 5C 7C AC,5572,PAIR
3C 4C 4D 7C AC,5573,PAIR
2C 4C 4D 7C AC,5574,PAIR
4C 4D 5C 6C AC,5575,PAIR
3C 4C 4D 6C AC,5576,PAIR
2C 4C 4D 6C AC,5577,PAIR
3C 4C 4D 5C AC,5578,PAIR
2C 4C 4D 5C AC,5579,PAIR
2C 3C 4C 4D AC,5580,PAIR
4C 4D JC QC KC,5581,PAIR
4C 4D TC QC KC,5582,PAIR
4C 4D 9C QC KC,5583,PAIR
4C 4D 8C QC KC,5584,PAIR
4C 4D 7C QC KC,5585,PAIR
4C 4D 6C QC KC,5586,PAIR
4C 4D 5C QC KC,5587,PAIR
3C 4C 4D QC KC,5588,PAIR
2C 4C 4D QC KC,5589,PAIR
4C 4D TC JC KC,5590,PAIR
4C 4D 9C JC KC,5591,PAIR
4C 4D 8C JC KC,5592,PAIR
4C 4D 7C JC KC,5593,PAIR
4C 4D 6C JC KC,5594,PAIR
4C 4D 5C JC KC,5595,PAIR
3C 4C 4D JC KC,5596,PAIR
2C 4C 4D JC KC,5597,PAIR
4C 4D 9C TC KC,5598,PAIR
4C 4D 8C TC KC,5599,PAIR
4C 4D 7C TC KC,5600,PAIR
4C 4D 6C TC KC,5601,PAIR
4C 4D 5C TC KC,5602,PAIR
3C 4C 4D TC KC,5603,PAIR
2C 4C 4D TC KC,5604,PAIR
4C 4D 8C 9C KC,5605,PAIR
4C 4D 7C 9C KC,5606,PAIR
4C 4D 6C 9C KC,5607,PAIR
4C 4D 5C 9C KC,5608,PAIR
3C 4C 4D 9C KC,5609,PAIR
2C 4C 4D 9C KC,5610,PAIR
4C 4D 7C 8C KC,5611,PAIR
4C 4D 6C 8C KC,5612,PAIR
4C 4D 5C 8C KC,5613,PAIR
3C 4C 4D 8C KC,5614,PAIR
2C 4C 4D 8C KC,5615,PAIR
4C 4D 6C 7C KC,5616,PAIR
4C 4D 5C 7C KC,5617,PAIR
3C 4C 4D 7C KC,5618,PAIR
2C 4C 4D 7C KC,5619,PAIR
4C 4D 5C 6C KC,5620,PAIR
3C 4C 4D 6C KC,5621,PAIR
2C 4C 4D 6C KC,5622,PAIR
3C 4C 4D 5C KC,5623,PAIR
2C 4C 4D 5C KC,5624,PAIR
2C 3C 4C 4D KC,5625,PAIR
4C 4D TC JC QC,5626,PAIR
4C 4D 9C JC QC,5627,PAIR
4C 4D 8C JC QC,5628,PAIR
4C 4D 7C JC QC,5629,PAIR
4C 4D 6C JC QC,5630,PAIR
4C 4D 5C JC QC,5631,PAIR
3C 4C 4D JC QC,5632,PAIR
2C 4C 4D JC QC,5633,PAIR
4C 4D 9C TC QC,5634,PAIR
4C 4D 8C TC QC,5635,PAIR
4C 4D 7C TC QC,5636,PAIR
4C 4D 6C TC QC,5637,PAIR
4C 4D 5C TC QC,5638,PAIR
3C 4C 4D TC QC,5639,PAIR
2C 4C 4D TC QC,5640,PAIR
4C 4D 8C 9C QC,5641,PAIR
4C 4D 7C 9C QC,5642,PAIR
4C 4D 6C 9C QC,5643,PAIR
4C 4D 5C 9C QC,5644,PAIR
3C 4C 4D 9C QC,5645,PAIR
2C 4C 4D 9C QC,5646,PAIR
4C 4D 7C 8C QC,5647,PAIR
4C 4D 6C 8C QC,5648,PAIR
4C 4D 5C 8C QC,5649,PAIR
3C 4C 4D 8C QC,5650,PAIR
2C 4C 4D 8C QC,5651,PAIR
4C 4D 6C 7C QC,5652,PAIR
4C 4D 5C 7C QC,5653,PAIR
3C 4C 4D 7C QC,5654,PAIR
2C 4C 4D 7C QC,5655,PAIR
4C 4D 5C 6C QC,5656,PAIR
3C 4C 4D 6C QC,5657,PAIR
2C 4C 4D 6C QC,5658,PAIR
3C 4C 4D 5C QC,5659,PAIR
2C 4C 4D 5C QC,5660,PAIR
2C 3C 4C 4D QC,5661,PAIR
4C 4D 9C TC JC,5662,PAIR
4C 4D 8C TC JC,5663,PAIR
4C 4D 7C TC JC,5664,PAIR
4C 4D 6C TC JC,5665,PAIR
4C 4D 5C TC JC,5666,PAIR
3C 4C 4D TC JC,5667,PAIR
2C 4C 4D TC JC,5668,PAIR
4C 4D 8C 9C JC,5669,PAIR
4C 4D 7C 9C JC,5670,PAIR
4C 4D 6C 9C JC,5671,PAIR
4C 4D 5C 9C JC,5672,PAIR
3C 4C 4D 9C JC,5673,PAIR
2C 4C 4D 9C JC,5674,PAIR
4C 4D 7C 8C JC,5675,PAIR
4C 4D 6C 8C JC,5676,PAIR
4C 4D 5C 8C JC,5677,PAIR
3C 4C 4D 8C JC,5678,PAIR
2C 4C 4D 8C JC,5679,PAIR
4C 4D 6C 7C JC,5680,PAIR
4C 4D 5C 7C JC,5681,PAIR
3C 4C 4D 7C JC,5682,PAIR
2C 4C 4D 7C JC,5683,PAIR
4C 4D 5C 6C JC,5684,PAIR
3C 4C 4D 6C JC,5685,PAIR
2C 4C 4D 6C JC,5686,PAIR
3C 4C 4D 5C JC,5687,PAIR
2C 4C 4D 5C JC,5688,PAIR
2C 3C 4C 4D JC,5689,PAIR
4C 4D 8C 9C TC,5690,PAIR
4C 4D 7C 9C TC,5691,PAIR
4C 4D 6C 9C TC,5692,PAIR
4C 4D 5C 9C TC,5693,PAIR
3C 4C 4D 9C TC,5694,PAIR
2C 4C 4D 9C TC,5695,PAIR
4C 4D 7C 8C TC,5696,PAIR
4C 4D 6C 8C TC,5697,PAIR
4C 4D 5C 8C TC,5698,PAIR
3C 4C 4D 8C TC,5699,PAIR
2C 4C 4D 8C TC,5700,PAIR
4C 4D 6C 7C TC,5701,PAIR
4C 4D 5C 7C TC,5702,PAIR
3C 4C 4D 7C TC,5703,PAIR
2C 4C 4D 7C TC,5704,PAIR
4C 4D 5C 6C TC,5705,PAIR
3C 4C 4D 6C TC,5706,PAIR
2C 4C 4D 6C TC,5707,PAIR
3C 4C 4D 5C TC,5708,PAIR
2C 4C 4D 5C TC,5709,PAIR
2C 3C 4C 4D TC,5710,PAIR
4C 4D 7C 8C 9C,5711,PAIR
4C 4D 6C 8C 9C,5712,PAIR
4C 4D 5C 8C 9C,5713,PAIR
3C 4C 4D 8C 9C,5714,PAIR
2C 4C 4D 8C 9C,5715,PAIR
4C 4D 6C 7C 9C,5716,PAIR
4C 4D 5C 7C 9C,5717,PAIR
3C 4C 4D 7C 9C,5718,PAIR
2C 4C 4D 7C 9C,5719,PAIR
4C 4D 5C 6C 9C,5720,PAIR
3C 4C 4D 6C 9C,5721,PAIR
2C 4C 4D 6C 9C,5722,PAIR
3C 4C 4D 5C 9C,5723,PAIR
2C 4C 4D 5C 9C,5724,PAIR
2C 3C 4C 4D 9C,5725,PAIR
4C 4D 6C 7C 8C,5726,PAIR
4C 4D 5C 7C 8C,5727,PAIR
3C 4C 4D 7C 8C,5728,PAIR
2C 4C 4D 7C 8C,5729,PAIR
4C 4D 5C 6C 8C,5730,PAIR
3C 4C 4D 6C 8C,5731,PAIR
2C 4C 4D 6C 8C,5732,PAIR
3C 4C 4D 5C 8C,5733,PAIR
2C 4C 4D 5C 8C,5734,PAIR
2C 3C 4C 4D 8C,5735,PAIR
4C 4D 5C 6C 7C,5736,PAIR
3C 4C 4D 6C 7C,5737,PAIR
2C 4C 4D 6C 7C,5738,PAIR
3C 4C 4D 5C 7C,5739,PAIR
2C 4C 4D 5C 7C,5740,PAIR
2C 3C 4C 4D 7C,5741,PAIR
3C 4C 4D 5C 6C,5742,PAIR
2C 4C 4D 5C 6C,5743,PAIR
2C 3C 4C 4D 6C,5744,PAIR
2C 3C 4C 4D 5C,5745,PAIR
3C 3D QC KC AC,5746,PAIR
3C 3D JC KC AC,5747,PAIR
3C 3D TC KC AC,5748,PAIR
3C 3D 9C KC AC,5749,PAIR
3C 3D 8C KC AC,5750,PAIR
3C 3D 7C KC AC,5751,PAIR
3C 3D 6C KC AC,5752,PAIR
3C 3D 5C KC AC,5753,PAIR
3C 3D 4C KC AC,5754,PAIR
2C 3C 3D KC AC,5755,PAIR
3C 3D JC QC AC,5756,PAIR
3C 3D TC QC AC,5757,PAIR
3C 3D 9C QC AC,5758,PAIR
3C 3D 8C QC AC,5759,PAIR
3C 3D 7C QC AC,5760,PAIR
3C 3D 6C QC AC,5761,PAIR
3C 3D 5C QC AC,5762,PAIR
3C 3D 4C QC AC,5763,PAIR
2C 3C 3D QC AC,5764,PAIR
3C 3D TC JC AC,5765,PAIR
3C 3D 9C JC AC,5766,PAIR
3C 3D 8C JC AC,5767,PAIR
3C 3D 7C JC AC,5768,PAIR
3C 3D 6C JC AC,5769,PAIR
3C 3D 5C JC AC,5770,PAIR
3C 3D 4C JC AC,5771,PAIR
2C 3C 3D JC AC,5772,PAIR
3C 3D 9C TC AC,5773,PAIR
3C 3D 8C TC AC,5774,PAIR
3C 3D 7C TC AC,5775,PAIR
3C 3D 6C TC AC,5776,PAIR
3C 3D 5C TC AC,5777,PAIR
3C 3D 4C TC AC,5778,PAIR
2C 3C 3D TC AC,5779,PAIR
3C 3D 8C 9C AC,5780,PAIR
3C 3D 7C 9C AC,5781,PAIR
3C 3D 6C 9C AC,5782,PAIR
3C 3D 5C 9C AC,5783,PAIR
3C 3D 4C 9C AC,5784,PAIR
2C 3C 3D 9C AC,5785,PAIR
3C 3D 7C 8C AC,5786,PAIR
3C 3D 6C 8C AC,5787,PAIR
3C 3D 5C 8C AC,5788,PAIR
3C 3D 4C 8C AC,5789,PAIR
2C 3C 3D 8C AC,5790,PAIR
3C 3D 6C 7C AC,5791,PAIR
3C 3D 5C 7C AC,5792,PAIR
3C 3D 4C 7C AC,5793,PAIR
2C 3C 3D 7C AC,5794,PAIR
3C 3D 5C 6C AC,5795,PAIR
3C 3D 4C 6C AC,5796,PAIR
2C 3C 3D 6C AC,5797,PAIR
3C 3D 4C 5C AC,5798,PAIR
2C 3C 3D 5C AC,5799,PAIR
2C 3C 3D 4C AC,5800,PAIR
3C 3D JC QC KC,5801,PAIR
3C 3D TC QC KC,5802,PAIR
3C 3D 9C QC KC,5803,PAIR
3C 3D 8C QC KC,5804,PAIR
3C 3D 7C QC KC,5805,PAIR
3C 3D 6C QC KC,5806,PAIR
3C 3D 5C QC KC,5807,PAIR
3C 3D 4C QC KC,5808,PAIR
2C 3C 3D QC KC,5809,PAIR
3C 3D TC JC KC,5810,PAIR
3C 3D 9C JC KC,5811,PAIR
3C 3D 8C JC KC,5812,PAIR
3C 3D 7C JC KC,5813,PAIR
3C 3D 6C JC KC,5814,PAIR
3C 3D 5C JC KC,5815,PAIR
3C 3D 4C JC KC,5816,PAIR
2C 3C 3D JC KC,5817,PAIR
3C 3D 9C TC KC,5818,PAIR
3C 3D 8C TC KC,5819,PAIR
3C 3D 7C TC KC,5820,PAIR
3C 3D 6C TC KC,5821,PAIR
3C 3D 5C TC KC,5822,PAIR
3C 3D 4C TC KC,5823,PAIR
2C 3C 3D TC KC,5824,PAIR
3C 3D 8C 9C KC,5825,PAIR
3C 3D 7C 9C KC,5826,PAIR
3C 3D 6C 9C KC,5827,PAIR
3C 3D 5C 9C KC,5828,PAIR
3C 3D 4C 9C KC,5829,PAIR
2C 3C 3D 9C KC,5830,PAIR
3C 3D 7C 8C KC,5831,PAIR
3C 3D 6C 8C KC,5832,PAIR
3C 3D 5C 8C KC,5833,PAIR
3C 3D 4C 8C KC,5834,PAIR
2C 3C 3D 8C KC,5835,PAIR
3C 3D 6C 7C KC,5836,PAIR
3C 3D 5C 7C KC,5837,PAIR
3C 3D 4C 7C KC,5838,PAIR
2C 3C 3D 7C KC,5839,PAIR
3C 3D 5C 6C KC,5840,PAIR
3C 3D 4C 6C KC,5841,PAIR
2C 3C 3D 6C KC,5842,PAIR
3C 3D 4C 5C KC,5843,PAIR
2C 3C 3D 5C KC,5844,PAIR
2C 3C 3D 4C KC,5845,PAIR
3C 3D TC JC QC,5846,PAIR
3C 3D 9C JC QC,5847,PAIR
3C 3D 8C JC QC,5848,PAIR
3C 3D 7C JC QC,5849,PAIR
3C 3D 6C JC QC,5850,PAIR
3C 3D 5C JC QC,5851,PAIR
3C 3D 4C JC QC,5852,PAIR
2C 3C 3D JC QC,5853,PAIR
3C 3D 9C TC QC,5854,PAIR
3C 3D 8C TC QC,5855,PAIR
3C 3D 7C TC QC,5856,PAIR
3C 3D 6C TC QC,5857,PAIR
3C 3D 5C TC QC,5858,PAIR
3C 3D 4C TC QC,5859,PAIR
2C 3C 3D TC QC,5860,PAIR
3C 3D 8C 9C QC,5861,PAIR
3C 3D 7C 9C QC,5862,PAIR
3C 3D 6C 9C QC,5863,PAIR
3C 3D 5C 9C QC,5864,PAIR
3C 3D 4C 9C QC,5865,PAIR
2C 3C 3D 9C QC,5866,PAIR
3C 3D 7C 8C QC,5867,PAIR
3C 3D 6C 8C QC,5868,PAIR
3C 3D 5C 8C QC,5869,PAIR
3C 3D 4C 8C QC,5870,PAIR
2C 3C 3D 8C QC,5871,PAIR
3C 3D 6C 7C QC,5872,PAIR
3C 3D 5C 7C QC,5873,PAIR
3C 3D 4C 7C QC,5874,PAIR
2C 3C 3D 7C QC,5875,PAIR
3C 3D 5C 6C QC,5876,PAIR
3C 3D 4C 6C QC,5877,PAIR
2C 3C 3D 6C QC,5878,PAIR
3C 3D 4C 5C QC,5879,PAIR
2C 3C 3D 5C QC,5880,PAIR
2C 3C 3D 4C QC,5881,PAIR
3C 3D 9C TC JC,5882,PAIR
3C 3D 8C TC JC,5883,PAIR
3C 3D 7C TC JC,5884,PAIR
3C 3D 6C TC JC,5885,PAIR
3C 3D 5C TC JC,5886,PAIR
3C 3D 4C TC JC,5887,PAIR
2C 3C 3D TC JC,5888,PAIR
3C 3D 8C 9C JC,5889,PAIR
3C 3D 7C 9C JC,5890,PAIR
3C 3D 6C 9C JC,5891,PAIR
3C 3D 5C 9C JC,5892,PAIR
3C 3D 4C 9C JC,5893,PAIR
2C 3C 3D 9C JC,5894,PAIR
3C 3D 7C 8C JC,5895,PAIR
3C 3D 6C 8C JC,5896,PAIR
3C 3D 5C 8C JC,5897,PAIR
3C 3D 4C 8C JC,5898,PAIR
2C 3C 3D 8C JC,5899,PAIR
3C 3D 6C 7C JC,5900,PAIR
3C 3D 5C 7C JC,5901,PAIR
3C 3D 4C 7C JC,5902,PAIR
2C 3C 3D 7C JC,5903,PAIR
3C 3D 5C 6C JC,5904,PAIR
3C 3D 4C 6C JC,5905,PAIR
2C 3C 3D 6C JC,5906,PAIR
3C 3D 4C 5C JC,5907,PAIR
2C 3C 3D 5C JC,5908,PAIR
2C 3C 3D 4C JC,5909,PAIR
3C 3D 8C 9C TC,5910,PAIR
3C 3D 7C 9C TC,5911,PAIR
3C 3D 6C 9C TC,5912,PAIR
3C 3D 5C 9C TC,5913,PAIR
3C 3D 4C 9C TC,5914,PAIR
2C 3C 3D 9C TC,5915,PAIR
3C 3D 7C 8C TC,5916,PAIR
3C 3D 6C 8C TC,5917,PAIR
3C 3D 5C 8C TC,5918,PAIR
3C 3D 4C 8C TC,5919,PAIR
2C 3C 3D 8C TC,5920,PAIR
3C 3D 6C 7C TC,5921,PAIR
3C 3D 5C 7C TC,5922,PAIR
3C 3D 4C 7C TC,5923,PAIR
2C 3C 3D 7C TC,5924,PAIR
3C 3D 5C 6C TC,5925,PAIR
3C 3D 4C 6C TC,5926,PAIR
2C 3C 3D 6C TC,5927,PAIR
3C 3D 4C 5C TC,5928,PAIR
2C 3C 3D 5C TC,5929,PAIR
2C 3C 3D 4C TC,5930,PAIR
3C 3D 7C 8C 9C,5931,PAIR
3C 3D 6C 8C 9C,5932,PAIR
3C 3D 5C 8C 9C,5933,PAIR
3C 3D 4C 8C 9C,5934,PAIR
2C 3C 3D 8C 9C,5935,PAIR
3C 3D 6C 7C 9C,5936,PAIR
3C 3D 5C 7C 9C,5937,PAIR
3C 3D 4C 7C 9C,5938,PAIR
2C 3C 3D 7C 9C,5939,PAIR
3C 3D 5C 6C 9C,5940,PAIR
3C 3D 4C 6C 9C,5941,PAIR
2C 3C 3D 6C 9C,5942,PAIR
3C 3D 4C 5C 9C,5943,PAIR
2C 3C 3D 5C 9C,5944,PAIR
2C 3C 3D 4C 9C,5945,PAIR
3C 3D 6C 7C 8C,5946,PAIR
3C 3D 5C 7C 8C,5947,PAIR
3C 3D 4C 7C 8C,5948,PAIR
2C 3C 3D 7C 8C,5949,PAIR
3C 3D 5C 6C 8C,5950,PAIR
3C 3D 4C 6C 8C,5951,PAIR
2C 3C 3D 6C 8C,5952,PAIR
3C 3D 4C 5C 8C,5953,PAIR
2C 3C 3D 5C 8C,5954,PAIR
2C 3C 3D 4C 8C,5955,PAIR
3C 3D 5C 6C 7C,5956,PAIR
3C 3D 4C 6C 7C,5957,PAIR
2C 3C 3D 6C 7C,5958,PAIR
3C 3D 4C 5C 7C,5959,PAIR
2C 3C 3D 5C 7C,5960,PAIR
2C 3C 3D 4C 7C,5961,PAIR
3C 3D 4C 5C 6C,5962,PAIR
2C 3C 3D 5C 6C,5963,PAIR
2C 3C 3D 4C 6C,5964,PAIR
2C 3C 3D 4C 5C,5965,PAIR
2C 2D QC KC AC,5966,PAIR
2C 2D JC KC AC,5967,PAIR
2C 2D TC KC AC,5968,PAIR
2C 2D 9C KC AC,5969,PAIR
2C 2D 8C KC AC,5970,PAIR
2C 2D 7C KC AC,5971,PAIR
2C 2D 6C KC AC,5972,PAIR
2C 2D 5C KC AC,5973,PAIR
2C 2D 4C KC AC,5974,PAIR
2C 2D 3C KC AC,5975,PAIR
2C 2D JC QC AC,5976,PAIR
2C 2D TC QC AC,5977,PAIR
2C 2D 9C QC AC,5978,PAIR
2C 2D 8C QC AC,5979,PAIR
2C 2D 7C QC AC,5980,PAIR
2C 2D 6C QC AC,5981,PAIR
2C 2D 5C QC AC,5982,PAIR
2C 2D 4C QC AC,5983,PAIR
2C 2D 3C QC AC,5984,PAIR
2C 2D TC JC AC,5985,PAIR
2C 2D 9C JC AC,5986,PAIR
2C 2D 8C JC AC,5987,PAIR
2C 2D 7C JC AC,5988,PAIR
2C 2D 6C JC AC,5989,PAIR
2C 2D 5C JC AC,5990,PAIR
2C 2D 4C JC AC,5991,PAIR
2C 2D 3C JC AC,5992,PAIR
2C 2D 9C TC AC,5993,PAIR
2C 2D 8C TC AC,5994,PAIR
2C 2D 7C TC AC,5995,PAIR
2C 2D 6C TC AC,5996,PAIR
2C 2D 5C TC AC,5997,PAIR
2C 2D 4C TC AC,5998,PAIR
2C 2D 3C TC AC,5999,PAIR
2C 2D 8C 9C AC,6000,PAIR
2C 2D 7C 9C AC,6001,PAIR
2C 2D 6C 9C AC,6002,PAIR
2C 2D 5C 9C AC,6003,PAIR
2C 2D 4C 9C AC,6004,PAIR
2C 2D 3C 9C AC,6005,PAIR
2C 2D 7C 8C AC,6006,PAIR
2C 2D 6C 8C AC,6007,PAIR
2C 2D 5C 8C AC,6008,PAIR
2C 2D 4C 8C AC,6009,PAIR
2C 2D 3C 8C AC,6010,PAIR
2C 2D 6C 7C AC,6011,PAIR
2C 2D 5C 7C AC,6012,PAIR
2C 2D 4C 7C AC,6013,PAIR
2C 2D 3C 7C AC,6014,PAIR
2C 2D 5C 6C AC,6015,PAIR
2C 2D 4C 6C AC,6016,PAIR
2C 2D 3C 6C AC,6017,PAIR
2C 2D 4C 5C AC,6018,PAIR
2C 2D 3C 5C AC,6019,PAIR
2C 2D 3C 4C AC,6020,PAIR
2C 2D JC QC KC,6021,PAIR
2C 2D TC QC KC,6022,PAIR
2C 2D 9C QC KC,6023,PAIR
2C 2D 8C QC KC,6024,PAIR
2C 2D 7C QC KC,6025,PAIR
2C 2D 6C QC KC,6026,PAIR
2C 2D 5C QC KC,6027,PAIR
2C 2D 4C QC KC,6028,PAIR
2C 2D 3C QC KC,6029,PAIR
2C 2D TC JC KC,6030,PAIR
2C 2D 9C JC KC,6031,PAIR
2C 2D 8C JC KC,6032,PAIR
2C 2D 7C JC KC,6033,PAIR
2C 2D 6C JC KC,6034,PAIR
2C 2D 5C JC KC,6035,PAIR
2C 2D 4C JC KC,6036,PAIR
2C 2D 3C JC KC,6037,PAIR
2C 2D 9C TC KC,6038,PAIR
2C 2D 8C TC KC,6039,PAIR
2C 2D 7C TC KC,6040,PAIR
2C 2D 6C TC KC,6041,PAIR
2C 2D 5C TC KC,6042,PAIR
2C 2D 4C TC KC,6043,PAIR
2C 2D 3C TC KC,6044,PAIR
2C 2D 8C 9C KC,6045,PAIR
2C 2D 7C 9C KC,6046,PAIR
2C 2D 6C 9C KC,6047,PAIR
2C 2D 5C 9C KC,6048,PAIR
2C 2D 4C 9C KC,6049,PAIR
2C 2D 3C 9C KC,6050,PAIR
2C 2D 7C 8C KC,6051,PAIR
2C 2D 6C 8C KC,6052,PAIR
2C 2D 5C 8C KC,6053,PAIR
2C 2D 4C 8C KC,6054,PAIR
2C 2D 3C 8C KC,6055,PAIR
2C 2D 6C 7C KC,6056,PAIR
2C 2D 5C 7C KC,6057,PAIR
2C 2D 4C 7C KC,6058,PAIR
2C 2D 3C 7C KC,6059,PAIR
2C 2D 5C 6C KC,6060,PAIR
2C 2D 4C 6C KC,6061,PAIR
2C 2D 3C 6C KC,6062,PAIR
2C 2D 4C 5C KC,6063,PAIR
2C 2D 3C 5C KC,6064,PAIR
2C 2D 3C 4C KC,6065,PAIR
2C 2D TC JC QC,6066,PAIR
2C 2D 9C JC QC,6067,PAIR
2C 2D 8C JC QC,6068,PAIR
2C 2D 7C JC QC,6069,PAIR
2C 2D 6C JC QC,6070,PAIR
2C 2D 5C JC QC,6071,PAIR
2C 2D 4C JC QC,6072,PAIR
2C 2D 3C JC QC,6073,PAIR
2C 2D 9C TC QC,6074,PAIR
2C 2D 8C TC QC,6075,PAIR
2C 2D 7C TC QC,6076,PAIR
2C 2D 6C TC QC,6077,PAIR
2C 2D 5C TC QC,6078,PAIR
2C 2D 4C TC QC,6079,PAIR
2C 2D 3C TC QC,6080,PAIR
2C 2D 8C 9C QC,6081,PAIR
2C 2D 7C 9C QC,6082,PAIR
2C 2D 6C 9C QC,6083,PAIR
2C 2D 5C 9C QC,6084,PAIR
2C 2D 4C 9C QC,6085,PAIR
2C 2D 3C 9C QC,6086,PAIR
2C 2D 7C 8C QC,6087,PAIR
2C 2D 6C 8C QC,6088,PAIR
2C 2D 5C 8C QC,6089,PAIR
2C 2D 4C 8C QC,6090,PAIR
2C 2D 3C 8C QC,6091,PAIR
2C 2D 6C 7C QC,6092,PAIR
2C 2D 5C 7C QC,6093,PAIR
2C 2D 4C 7C QC,6094,PAIR
2C 2D 3C 7C QC,6095,PAIR
2C 2D 5C 6C QC,6096,PAIR
2C 2D 4C 6C QC,6097,PAIR
2C 2D 3C 6C QC,6098,PAIR
2C 2D 4C 5C QC,6099,PAIR
2C 2D 3C 5C QC,6100,PAIR
2C 2D 3C 4C QC,6101,PAIR
2C 2D 9C TC JC,6102,PAIR
2C 2D 8C TC JC,6103,PAIR
2C 2D 7C TC JC,6104,PAIR
2C 2D 6C TC JC,6105,PAIR
2C 2D 5C TC JC,6106,PAIR
2C 2D 4C TC JC,6107,PAIR
2C 2D 3C TC JC,6108,PAIR
2C 2D 8C 9C JC,6109,PAIR
2C 2D 7C 9C JC,6110,PAIR
2C 2D 6C 9C JC,6111,PAIR
2C 2D 5C 9C JC,6112,PAIR
2C 2D 4C 9C JC,6113,PAIR
2C 2D 3C 9C JC,6114,PAIR
2C 2D 7C 8C JC,6115,PAIR
2C 2D 6C 8C JC,6116,PAIR
2C 2D 5C 8C JC,6117,PAIR
2C 2D 4C 8C JC,6118,PAIR
2C 2D 3C 8C JC,6119,PAIR
2C 2D 6C 7C JC,6120,PAIR
2C 2D 5C 7C JC,6121,PAIR
2C 2D 4C 7C JC,6122,PAIR
2C 2D 3C 7C JC,6123,PAIR
2C 2D 5C 6C JC,6124,PAIR
2C 2D 4C 6C JC,6125,PAIR
2C 2D 3C 6C JC,6126,PAIR
2C 2D 4C 5C JC,6127,PAIR
2C 2D 3C 5C JC,6128,PAIR
2C 2D 3C 4C JC,6129,PAIR
2C 2D 8C 9C TC,6130,PAIR
2C 2D 7C 9C TC,6131,PAIR
2C 2D 6C 9C TC,6132,PAIR
2C 2D 5C 9C TC,6133,PAIR
2C 2D 4C 9C TC,6134,PAIR
2C 2D 3C 9C TC,6135,PAIR
2C 2D 7C 8C TC,6136,PAIR
2C 2D 6C 8C TC,6137,PAIR
2C 2D 5C 8C TC,6138,PAIR
2C 2D 4C 8C TC,6139,PAIR
2C 2D 3C 8C TC,6140,PAIR
2C 2D 6C 7C TC,6141,PAIR
2C 2D 5C 7C TC,6142,PAIR
2C 2D 4C 7C TC,6143,PAIR
2C 2D 3C 7C TC,6144,PAIR
2C 2D 5C 6C TC,6145,PAIR
2C 2D 4C 6C TC,6146,PAIR
2C 2D 3C 6C TC,6147,PAIR
2C 2D 4C 5C TC,6148,PAIR
2C 2D 3C 5C TC,6149,PAIR
2C 2D 3C 4C TC,6150,PAIR
2C 2D 7C 8C 9C,6151,PAIR
2C 2D 6C 8C 9C,6152,PAIR
2C 2D 5C 8C 9C,6153,PAIR
2C 2D 4C 8C 9C,6154,PAIR
2C 2D 3C 8C 9C,6155,PAIR
2C 2D 6C 7C 9C,6156,PAIR
2C 2D 5C 7C 9C,6157,PAIR
2C 2D 4C 7C 9C,6158,PAIR
2C 2D 3C 7C 9C,6159,PAIR
2C 2D 5C 6C 9C,6160,PAIR
2C 2D 4C 6C 9C,6161,PAIR
2C 2D 3C 6C 9C,6162,PAIR
2C 2D 4C 5C 9C,6163,PAIR
2C 2D 3C 5C 9C,6164,PAIR
2C 2D 3C 4C 9C,6165,PAIR
2C 2D 6C 7C 8C,6166,PAIR
2C 2D 5C 7C 8C,6167,PAIR
2C 2D 4C 7C 8C,6168,PAIR
2C 2D 3C 7C 8C,6169,PAIR
2C 2D 5C 6C 8C,6170,PAIR
2C 2D 4C 6C 8C,6171,PAIR
2C 2D 3C 6C 8C,6172,PAIR
2C 2D 4C 5C 8C,6173,PAIR
2C 2D 3C 5C 8C,6174,PAIR
2C 2D 3C 4C 8C,6175,PAIR
2C 2D 5C 6C 7C,6176,PAIR
2C 2D 4C 6C 7C,6177,PAIR
2C 2D 3C 6C 7C,6178,PAIR
2C 2D 4C 5C 7C,6179,PAIR
2C 2D 3C 5C 7C,6180,PAIR
2C 2D 3C 4C 7C,6181,PAIR
2C 2D 4C 5C 6C,6182,PAIR
2C 2D 3C 5C 6C,6183,PAIR
2C 2D 3C 4C 6C,6184,PAIR
2C 2D 3C 4C 5C,6185,PAIR
9C JC QC KC AD,6186,HIGH_CARD
8C JC QC KC AD,6187,HIGH_CARD
7C JC QC KC AD,6188,HIGH_CARD
6C JC QC KC AD,6189,HIGH_CARD
5C JC QC KC AD,6190,HIGH_CARD
4C JC QC KC AD,6191,HIGH_CARD
3C JC QC KC AD,6192,HIGH_CARD
2C JC QC KC AD,6193,HIGH_CARD
9C TC QC KC AD,6194,HIGH_CARD
8C TC QC KC AD,6195,HIGH_CARD
7C TC QC KC AD,6196,HIGH_CARD
6C TC QC KC AD,6197,HIGH_CARD
5C TC QC KC AD,6198,HIGH_CARD
4C TC QC KC AD,6199,HIGH_CARD
3C TC QC KC AD,6200,HIGH_CARD
2C TC QC KC AD,6201,HIGH_CARD
8C 9C QC KC AD,6202,HIGH_CARD
7C 9C QC KC AD,6203,HIGH_CARD
6C 9C QC KC AD,6204,HIGH_CARD
5C 9C QC KC AD,6205,HIGH_CARD
4C 9C QC KC AD,6206,HIGH_CARD
3C 9C QC KC AD,6207,HIGH_CARD
2C 9C QC KC AD,6208,HIGH_CARD
7C 8C QC KC AD,6209,HIGH_CARD
6C 8C QC KC AD,6210,HIGH_CARD
5C 8C QC KC AD,6211,HIGH_CARD
4C 8C QC KC AD,6212,HIGH_CARD
3C 8C QC KC AD,6213,HIGH_CARD
2C 8C QC KC AD,6214,HIGH_CARD
6C 7C QC KC AD,6215,HIGH_CARD
5C 7C QC KC AD,6216,HIGH_CARD
4C 7C QC KC AD,6217,HIGH_CARD
3C 7C QC KC AD,6218,HIGH_CARD
2C 7C QC KC AD,6219,HIGH_CARD
5C 6C QC KC AD,6220,HIGH_CARD
4C 6C QC KC AD,6221,HIGH_CARD
3C 6C QC KC AD,6222,HIGH_CARD
2C 6C QC KC AD,6223,HIGH_CARD
4C 5C QC KC AD,6224,HIGH_CARD
3C 5C QC KC AD,6225,HIGH_CARD
2C 5C QC KC AD,6226,HIGH_CARD
3C 4C QC KC AD,6227,HIGH_CARD
2C 4C QC KC AD,6228,HIGH_CARD
2C 3C QC KC AD,6229,HIGH_CARD
9C TC JC KC AD,6230,HIGH_CARD
8C TC JC KC AD,6231,HIGH_CARD
7C TC JC KC AD,6232,HIGH_CARD
6C TC JC KC AD,6233,HIGH_CARD
5C TC JC KC AD,6234,HIGH_CARD
4C TC JC KC AD,6235,HIGH_CARD
3C TC JC KC AD,6236,HIGH_CARD
2C TC JC KC AD,6237,HIGH_CARD
8C 9C JC KC AD,6238,HIGH_CARD
7C 9C JC KC AD,6239,HIGH_CARD
6C 9C JC KC AD,6240,HIGH_CARD
5C 9C JC KC AD,6241,HIGH_CARD
4C 9C JC KC AD,6242,HIGH_CARD
3C 9C JC KC AD,6243,HIGH_CARD
2C 9C JC KC AD,6244,HIGH_CARD
7C 8C JC KC AD,6245,HIGH_CARD
6C 8C JC KC AD,6246,HIGH_CARD
5C 8C JC KC AD,6247,HIGH_CARD
4C 8C JC KC AD,6248,HIGH_CARD
3C 8C JC KC AD,6249,HIGH_CARD
2C 8C JC KC AD,6250,HIGH_CARD
6C 7C JC KC AD,6251,HIGH_CARD
5C 7C JC KC AD,6252,HIGH_CARD
4C 7C JC KC AD,6253,HIGH_CARD
3C 7C JC KC AD,6254,HIGH_CARD
2C 7C JC KC AD,6255,HIGH_CARD
5C 6C JC KC AD,6256,HIGH_CARD
4C 6C JC KC AD,6257,HIGH_CARD
3C 6C JC KC AD,6258,HIGH_CARD
2C 6C JC KC AD,6259,HIGH_CARD
4C 5C JC KC AD,6260,HIGH_CARD
3C 5C JC KC AD,6261,HIGH_CARD
2C 5C JC KC AD,6262,HIGH_CARD
3C 4C JC KC AD,6263,HIGH_CARD
2C 4C JC KC AD,6264,HIGH_CARD
2C 3C JC KC AD,6265,HIGH_CARD
8C 9C TC KC AD,6266,HIGH_CARD
7C 9C TC KC AD,6267,HIGH_CARD
6C 9C TC KC AD,6268,HIGH_CARD
5C 9C TC KC AD,6269,HIGH_CARD
4C 9C TC KC AD,6270,HIGH_CARD
3C 9C TC KC AD,6271,HIGH_CARD
2C 9C TC KC AD,6272,HIGH_CARD
7C 8C TC KC AD,6273,HIGH_CARD
6C 8C TC KC AD,6274,HIGH_CARD
5C 8C TC KC AD,6275,HIGH_CARD
4C 8C TC KC AD,6276,HIGH_CARD
3C 8C TC KC AD,6277,HIGH_CARD
2C 8C TC KC AD,6278,HIGH_CARD
6C 7C TC KC AD,6279,HIGH_CARD
5C 7C TC KC AD,6280,HIGH_CARD
4C 7C TC KC AD,6281,HIGH_CARD
3C 7C TC KC AD,6282,HIGH_CARD
2C 7C TC KC AD,6283,HIGH_CARD
5C 6C TC KC AD,6284,HIGH_CARD
4C 6C TC KC AD,6285,HIGH_CARD
3C 6C TC KC AD,6286,HIGH_CARD
2C 6C TC KC AD,6287,HIGH_CARD
4C 5C TC KC AD,6288,HIGH_CARD
3C 5C TC KC AD,6289,HIGH_CARD
2C 5C TC KC AD,6290,HIGH_CARD
3C 4C TC KC AD,6291,HIGH_CARD
2C 4C TC KC AD,6292,HIGH_CARD
2C 3C TC KC AD,6293,HIGH_CARD
7C 8C 9C KC AD,6294,HIGH_CARD
6C 8C 9C KC AD,6295,HIGH_CARD
5C 8C 9C KC AD,6296,HIGH_CARD
4C 8C 9C KC AD,6297,HIGH_CARD
3C 8C 9C KC AD,6298,HIGH_CARD
2C 8C 9C KC AD,6299,HIGH_CARD
6C 7C 9C KC AD,6300,HIGH_CARD
5C 7C 9C KC AD,6301,HIGH_CARD
4C 7C 9C KC AD,6302,HIGH_CARD
3C 7C 9C KC AD,6303,HIGH_CARD
2C 7C 9C KC AD,6304,HIGH_CARD
5C 6C 9C KC AD,6305,HIGH_CARD
4C 6C 9C KC AD,6306,HIGH_CARD
3C 6C 9C KC AD,6307,HIGH_CARD
2C 6C 9C KC AD,6308,HIGH_CARD
4C 5C 9C KC AD,6309,HIGH_CARD
3C 5C 9C KC AD,6310,HIGH_CARD
2C 5C 9C KC AD,6311,HIGH_CARD
3C 4C 9C KC AD,6312,HIGH_CARD
2C 4C 9C KC AD,6313,HIGH_CARD
2C 3C 9C KC AD,6314,HIGH_CARD
6C 7C 8C KC AD,6315,HIGH_CARD
5C 7C 8C KC AD,6316,HIGH_CARD
4C 7C 8C KC AD,6317,HIGH_CARD
3C 7C 8C KC AD,6318,HIGH_CARD
2C 7C 8C KC AD,6319,HIGH_CARD
5C 6C 8C KC AD,6320,HIGH_CARD
4C 6C 8C KC AD,6321,HIGH_CARD
3C 6C 8C KC AD,6322,HIGH_CARD
2C 6C 8C KC AD,6323,HIGH_CARD
4C 5C 8C KC AD,6324,HIGH_CARD
3C 5C 8C KC AD,6325,HIGH_CARD
2C 5C 8C KC AD,6326,HIGH_CARD
3C 4C 8C KC AD,6327,HIGH_CARD
2C 4C 8C KC AD,6328,HIGH_CARD
2C 3C 8C KC AD,6329,HIGH_CARD
5C 6C 7C KC AD,6330,HIGH_CARD
4C 6C 7C KC AD,6331,HIGH_CARD
3C 6C 7C KC AD,6332,HIGH_CARD
2C 6C 7C KC AD,6333,HIGH_CARD
4C 5C 7C KC AD,6334,HIGH_CARD
3C 5C 7C KC AD,6335,HIGH_CARD
2C 5C 7C KC AD,6336,HIGH_CARD
3C 4C 7C KC AD,6337,HIGH_CARD
2C 4C 7C KC AD,6338,HIGH_CARD
2C 3C 7C KC AD,6339,HIGH_CARD
4C 5C 6C KC AD,6340,HIGH_CARD
3C 5C 6C KC AD,6341,HIGH_CARD
2C 5C 6C KC AD,6342,HIGH_CARD
3C 4C 6C KC AD,6343,HIGH_CARD
2C 4C 6C KC AD,6344,HIGH_CARD
2C 3C 6C KC AD,6345,HIGH_CARD
3C 4C 5C KC AD,6346,HIGH_CARD
2C 4C 5C KC AD,6347,HIGH_CARD
2C 3C 5C KC AD,6348,HIGH_CARD
2C 3C 4C KC AD,6349,HIGH_CARD
9C TC JC QC AD,6350,HIGH_CARD
8C TC JC QC AD,6351,HIGH_CARD
7C TC JC QC AD,6352,HIGH_CARD
6C TC JC QC AD,6353,HIGH_CARD
5C TC JC QC AD,6354,HIGH_CARD
4C TC JC QC AD,6355,HIGH_CARD
3C TC JC QC AD,6356,HIGH_CARD
2C TC JC QC AD,6357,HIGH_CARD
8C 9C JC QC AD,6358,HIGH_CARD
7C 9C JC QC AD,6359,HIGH_CARD
6C 9C JC QC AD,6360,HIGH_CARD
5C 9C JC QC AD,6361,HIGH_CARD
4C 9C JC QC AD,6362,HIGH_CARD
3C 9C JC QC AD,6363,HIGH_CARD
2C 9C JC QC AD,6364,HIGH_CARD
7C 8C JC QC AD,6365,HIGH_CARD
6C 8C JC QC AD,6366,HIGH_CARD
5C 8C JC QC AD,6367,HIGH_CARD
4C 8C JC QC AD,6368,HIGH_CARD
3C 8C JC QC AD,6369,HIGH_CARD
2C 8C JC QC AD,6370,HIGH_CARD
6C 7C JC QC AD,6371,HIGH_CARD
5C 7C JC QC AD,6372,HIGH_CARD
4C 7C JC QC AD,6373,HIGH_CARD
3C 7C JC QC AD,6374,HIGH_CARD
2C 7C JC QC AD,6375,HIGH_CARD
5C 6C JC QC AD,6376,HIGH_CARD
4C 6C JC QC AD,6377,HIGH_CARD
3C 6C JC QC AD,6378,HIGH_CARD
2C 6C JC QC AD,6379,HIGH_CARD
4C 5C JC QC AD,6380,HIGH_CARD
3C 5C JC QC AD,6381,HIGH_CARD
2C 5C JC QC AD,6382,HIGH_CARD
3C 4C JC QC AD,6383,HIGH_CARD
2C 4C JC QC AD,6384,HIGH_CARD
2C 3C JC QC AD,6385,HIGH_CARD
8C 9C TC QC AD,6386,HIGH_CARD
7C 9C TC QC AD,6387,HIGH_CARD
6C 9C TC QC AD,6388,HIGH_CARD
5C 9C TC QC AD,6389,HIGH_CARD
4C 9C TC QC AD,6390,HIGH_CARD
3C 9C TC QC AD,6391,HIGH_CARD
2C 9C TC QC AD,6392,HIGH_CARD
7C 8C TC QC AD,6393,HIGH_CARD
6C 8C TC QC AD,6394,HIGH_CARD
5C 8C TC QC AD,6395,HIGH_CARD
4C 8C TC QC AD,6396,HIGH_CARD
3C 8C TC QC AD,6397,HIGH_CARD
2C 8C TC QC AD,6398,HIGH_CARD
6C 7C TC QC AD,6399,HIGH_CARD
5C 7C TC QC AD,6400,HIGH_CARD
4C 7C TC QC AD,6401,HIGH_CARD
3C 7C TC QC AD,6402,HIGH_CARD
2C 7C TC QC AD,6403,HIGH_CARD
5C 6C TC QC AD,6404,HIGH_CARD
4C 6C TC QC AD,6405,HIGH_CARD
3C 6C TC QC AD,6406,HIGH_CARD
2C 6C TC QC AD,6407,HIGH_CARD
4C 5C TC QC AD,6408,HIGH_CARD
3C 5C TC QC AD,6409,HIGH_CARD
2C 5C TC QC AD,6410,HIGH_CARD
3C 4C TC QC AD,6411,HIGH_CARD
2C 4C TC QC AD,6412,HIGH_CARD
2C 3C TC QC AD,6413,HIGH_CARD
7C 8C 9C QC AD,6414,HIGH_CARD
6C 8C 9C QC AD,6415,HIGH_CARD
5C 8C 9C QC AD,6416,HIGH_CARD
4C 8C 9C QC AD,6417,HIGH_CARD
3C 8C 9C QC AD,6418,HIGH_CARD
2C 8C 9C QC AD,6419,HIGH_CARD
6C 7C 9C QC AD,6420,HIGH_CARD
5C 7C 9C QC AD,6421,HIGH_CARD
4C 7C 9C QC AD,6422,HIGH_CARD
3C 7C 9C QC AD,6423,HIGH_CARD
2C 7C 9C QC AD,6424,HIGH_CARD
5C 6C 9C QC AD,6425,HIGH_CARD
4C 6C 9C QC AD,6426,HIGH_CARD
3C 6C 9C QC AD,6427,HIGH_CARD
2C 6C 9C QC AD,6428,HIGH_CARD
4C 5C 9C QC AD,6429,HIGH_CARD
3C 5C 9C QC AD,6430,HIGH_CARD
2C 5C 9C QC AD,6431,HIGH_CARD
3C 4C 9C QC AD,6432,HIGH_CARD
2C 4C 9C QC AD,6433,HIGH_CARD
2C 3C 9C QC AD,6434,HIGH_CARD
6C 7C 8C QC AD,6435,HIGH_CARD
5C 7C 8C QC AD,6436,HIGH_CARD
4C 7C 8C QC AD,6437,HIGH_CARD
3C 7C 8C QC AD,6438,HIGH_CARD
2C 7C 8C QC AD,6439,HIGH_CARD
5C 6C 8C QC AD,6440,HIGH_CARD
4C 6C 8C QC AD,6441,HIGH_CARD
3C 6C 8C QC AD,6442,HIGH_CARD
2C 6C 8C QC AD,6443,HIGH_CARD
4C 5C 8C QC AD,6444,HIGH_CARD
3C 5C 8C QC AD,6445,HIGH_CARD
2C 5C 8C QC AD,6446,HIGH_CARD
3C 4C 8C QC AD,6447,HIGH_CARD
2C 4C 8C QC AD,6448,HIGH_CARD
2C 3C 8C QC AD,6449,HIGH_CARD
5C 6C 7C QC AD,6450,HIGH_CARD
4C 6C 7C QC AD,6451,HIGH_CARD
3C 6C 7C QC AD,6452,HIGH_CARD
2C 6C 7C QC AD,6453,HIGH_CARD
4C 5C 7C QC AD,6454,HIGH_CARD
3C 5C 7C QC AD,6455,HIGH_CARD
2C 5C 7C QC AD,6456,HIGH_CARD
3C 4C 7C QC AD,6457,HIGH_CARD
2C 4C 7C QC AD,6458,HIGH_CARD
2C 3C 7C QC AD,6459,HIGH_CARD
4C 5C 6C QC AD,6460,HIGH_CARD
3C 5C 6C QC AD,6461,HIGH_CARD
2C 5C 6C QC AD,6462,HIGH_CARD
3C 4C 6C QC AD,6463,HIGH_CARD
2C 4C 6C QC AD,6464,HIGH_CARD
2C 3C 6C QC AD,6465,HIGH_CARD
3C 4C 5C QC AD,6466,HIGH_CARD
2C 4C 5C QC AD,6467,HIGH_CARD
2C 3C 5C QC AD,6468,HIGH_CARD
2C 3C 4C QC AD,6469,HIGH_CARD
8C 9C TC JC AD,6470,HIGH_CARD
7C 9C TC JC AD,6471,HIGH_CARD
6C 9C TC JC AD,6472,HIGH_CARD
5C 9C TC JC AD,6473,HIGH_CARD
4C 9C TC JC AD,6474,HIGH_CARD
3C 9C TC JC AD,6475,HIGH_CARD
2C 9C TC JC AD,6476,HIGH_CARD
7C 8C TC JC AD,6477,HIGH_CARD
6C 8C TC JC AD,6478,HIGH_CARD
5C 8C TC JC AD,6479,HIGH_CARD
4C 8C TC JC AD,6480,HIGH_CARD
3C 8C TC JC AD,6481,HIGH_CARD
2C 8C TC JC AD,6482,HIGH_CARD
6C 7C TC JC AD,6483,HIGH_CARD
5C 7C TC JC AD,6484,HIGH_CARD
4C 7C TC JC AD,6485,HIGH_CARD
3C 7C TC JC AD,6486,HIGH_CARD
2C 7C TC JC AD,6487,HIGH_CARD
5C 6C TC JC AD,6488,HIGH_CARD
4C 6C TC JC AD,6489,HIGH_CARD
3C 6C TC JC AD,6490,HIGH_CARD
2C 6C TC JC AD,6491,HIGH_CARD
4C 5C TC JC AD,6492,HIGH_CARD
3C 5C TC JC AD,6493,HIGH_CARD
2C 5C TC JC AD,6494,HIGH_CARD
3C 4C TC JC AD,6495,HIGH_CARD
2C 4C TC JC AD,6496,HIGH_CARD
2C 3C TC JC AD,6497,HIGH_CARD
7C 8C 9C JC AD,6498,HIGH_CARD
6C 8C 9C JC AD,6499,HIGH_CARD
5C 8C 9C JC AD,6500,HIGH_CARD
4C 8C 9C JC AD,6501,HIGH_CARD
3C 8C 9C JC AD,6502,HIGH_CARD
2C 8C 9C JC AD,6503,HIGH_CARD
6C 7C 9C JC AD,6504,HIGH_CARD
5C 7C 9C JC AD,6505,HIGH_CARD
4C 7C 9C JC AD,6506,HIGH_CARD
3C 7C 9C JC AD,6507,HIGH_CARD
2C 7C 9C JC AD,6508,HIGH_CARD
5C 6C 9C JC AD,6509,HIGH_CARD
4C 6C 9C JC AD,6510,HIGH_CARD
3C 6C 9C JC AD,6511,HIGH_CARD
2C 6C 9C JC AD,6512,HIGH_CARD
4C 5C 9C JC AD,6513,HIGH_CARD
3C 5C 9C JC AD,6514,HIGH_CARD
2C 5C 9C JC AD,6515,HIGH_CARD
3C 4C 9C JC AD,6516,HIGH_CARD
2C 4C 9C JC AD,6517,HIGH_CARD
2C 3C 9C JC AD,6518,HIGH_CARD
6C 7C 8C JC AD,6519,HIGH_CARD
5C 7C 8C JC AD,6520,HIGH_CARD
4C 7C 8C JC AD,6521,HIGH_CARD
3C 7C 8C JC AD,6522,HIGH_CARD
2C 7C 8C JC AD,6523,HIGH_CARD
5C 6C 8C JC AD,6524,HIGH_CARD
4C 6C 8C JC AD,6525,HIGH_CARD
3C 6C 8C JC AD,6526,HIGH_CARD
2C 6C 8C JC AD,6527,HIGH_CARD
4C 5C 8C JC AD,6528,HIGH_CARD
3C 5C 8C JC AD,6529,HIGH_CARD
2C 5C 8C JC AD,6530,HIGH_CARD
3C 4C 8C JC AD,6531,HIGH_CARD
2C 4C 8C JC AD,6532,HIGH_CARD
2C 3C 8C JC AD,6533,HIGH_CARD
5C 6C 7C JC AD,6534,HIGH_CARD
4C 6C 7C JC AD,6535,HIGH_CARD
3C 6C 7C JC AD,6536,HIGH_CARD
2C 6C 7C JC AD,6537,HIGH_CARD
4C 5C 7C JC AD,6538,HIGH_CARD
3C 5C 7C JC AD,6539,HIGH_CARD
2C 5C 7C JC AD,6540,HIGH_CARD
3C 4C 7C JC AD,6541,HIGH_CARD
2C 4C 7C JC AD,6542,HIGH_CARD
2C 3C 7C JC AD,6543,HIGH_CARD
4C 5C 6C JC AD,6544,HIGH_CARD
3C 5C 6C JC AD,6545,HIGH_CARD
2C 5C 6C JC AD,6546,HIGH_CARD
3C 4C 6C JC AD,6547,HIGH_CARD
2C 4C 6C JC AD,6548,HIGH_CARD
2C 3C 6C JC AD,6549,HIGH_CARD
3C 4C 5C JC AD,6550,HIGH_CARD
2C 4C 5C JC AD,6551,HIGH_CARD
2C 3C 5C JC AD,6552,HIGH_CARD
2C 3C 4C JC AD,6553,HIGH_CARD
7C 8C 9C TC AD,6554,HIGH_CARD
6C 8C 9C TC AD,6555,HIGH_CARD
5C 8C 9C TC AD,6556,HIGH_CARD
4C 8C 9C TC AD,6557,HIGH_CARD
3C 8C 9C TC AD,6558,HIGH_CARD
2C 8C 9C TC AD,6559,HIGH_CARD
6C 7C 9C TC AD,6560,HIGH_CARD
5C 7C 9C TC AD,6561,HIGH_CARD
4C 7C 9C TC AD,6562,HIGH_CARD
3C 7C 9C TC AD,6563,HIGH_CARD
2C 7C 9C TC AD,6564,HIGH_CARD
5C 6C 9C TC AD,6565,HIGH_CARD
4C 6C 9C TC AD,6566,HIGH_CARD
3C 6C 9C TC AD,6567,HIGH_CARD
2C 6C 9C TC AD,6568,HIGH_CARD
4C 5C 9C TC AD,6569,HIGH_CARD
3C 5C 9C TC AD,6570,HIGH_CARD
2C 5C 9C TC AD,6571,HIGH_CARD
3C 4C 9C TC AD,6572,HIGH_CARD
2C 4C 9C TC AD,6573,HIGH_CARD
2C 3C 9C TC AD,6574,HIGH_CARD
6C 7C 8C TC AD,6575,HIGH_CARD
5C 7C 8C TC AD,6576,HIGH_CARD
4C 7C 8C TC AD,6577,HIGH_CARD
3C 7C 8C TC AD,6578,HIGH_CARD
2C 7C 8C TC AD,6579,HIGH_CARD
5C 6C 8C TC AD,6580,HIGH_CARD
4C 6C 8C TC AD,6581,HIGH_CARD
3C 6C 8C TC AD,6582,HIGH_CARD
2C 6C 8C TC AD,6583,HIGH_CARD
4C 5C 8C TC AD,6584,HIGH_CARD
3C 5C 8C TC AD,6585,HIGH_CARD
2C 5C 8C TC AD,6586,HIGH_CARD
3C 4C 8C TC AD,6587,HIGH_CARD
2C 4C 8C TC AD,6588,HIGH_CARD
2C 3C 8C TC AD,6589,HIGH_CARD
5C 6C 7C TC AD,6590,HIGH_CARD
4C 6C 7C TC AD,6591,HIGH_CARD
3C 6C 7C TC AD,6592,HIGH_CARD
2C 6C 7C TC AD,6593,HIGH_CARD
4C 5C 7C TC AD,6594,HIGH_CARD
3C 5C 7C TC AD,6595,HIGH_CARD
2C 5C 7C TC AD,6596,HIGH_CARD
3C 4C 7C TC AD,6597,HIGH_CARD
2C 4C 7C TC AD,6598,HIGH_CARD
2C 3C 7C TC AD,6599,HIGH_CARD
4C 5C 6C TC AD,6600,HIGH_CARD
3C 5C 6C TC AD,6601,HIGH_CARD
2C 5C 6C TC AD,6602,HIGH_CARD
3C 4C 6C TC AD,6603,HIGH_CARD
2C 4C 6C TC AD,6604,HIGH_CARD
2C 3C 6C TC AD,6605,HIGH_CARD
3C 4C 5C TC AD,6606,HIGH_CARD
2C 4C 5C TC AD,6607,HIGH_CARD
2C 3C 5C TC AD,6608,HIGH_CARD
2C 3C 4C TC AD,6609,HIGH_CARD
6C 7C 8C 9C AD,6610,HIGH_CARD
5C 7C 8C 9C AD,6611,HIGH_CARD
4C 7C 8C 9C AD,6612,HIGH_CARD
3C 7C 8C 9C AD,6613,HIGH_CARD
2C 7C 8C 9C AD,6614,HIGH_CARD
5C 6C 8C 9C AD,6615,HIGH_CARD
4C 6C 8C 9C AD,6616,HIGH_CARD
3C 6C 8C 9C AD,6617,HIGH_CARD
2C 6C 8C 9C AD,6618,HIGH_CARD
4C 5C 8C 9C AD,6619,HIGH_CARD
3C 5C 8C 9C AD,6620,HIGH_CARD
2C 5C 8C 9C AD,6621,HIGH_CARD
3C 4C 8C 9C AD,6622,HIGH_CARD
2C 4C 8C 9C AD,6623,HIGH_CARD
2C 3C 8C 9C AD,6624,HIGH_CARD
5C 6C 7C 9C AD,6625,HIGH_CARD
4C 6C 7C 9C AD,6626,HIGH_CARD
3C 6C 7C 9C AD,6627,HIGH_CARD
2C 6C 7C 9C AD,6628,HIGH_CARD
4C 5C 7C 9C AD,6629,HIGH_CARD
3C 5C 7C 9C AD,6630,HIGH_CARD
2C 5C 7C 9C AD,6631,HIGH_CARD
3C 4C 7C 9C AD,6632,HIGH_CARD
2C 4C 7C 9C AD,6633,HIGH_CARD
2C 3C 7C 9C AD,6634,HIGH_CARD
4C 5C 6C 9C AD,6635,HIGH_CARD
3C 5C 6C 9C AD,6636,HIGH_CARD
2C 5C 6C 9C AD,6637,HIGH_CARD
3C 4C 6C 9C AD,6638,HIGH_CARD
2C 4C 6C 9C AD,6639,HIGH_CARD
2C 3C 6C 9C AD,6640,HIGH_CARD
3C 4C 5C 9C AD,6641,HIGH_CARD
2C 4C 5C 9C AD,6642,HIGH_CARD
2C 3C 5C 9C AD,6643,HIGH_CARD
2C 3C 4C 9C AD,6644,HIGH_CARD
5C 6C 7C 8C AD,6645,HIGH_CARD
4C 6C 7C 8C AD,6646,HIGH_CARD
3C 6C 7C 8C AD,6647,HIGH_CARD
2C 6C 7C 8C AD,6648,HIGH_CARD
4C 5C 7C 8C AD,6649,HIGH_CARD
3C 5C 7C 8C AD,6650,HIGH_CARD
2C 5C 7C 8C AD,6651,HIGH_CARD
3C 4C 7C 8C AD,6652,HIGH_CARD
2C 4C 7C 8C AD,6653,HIGH_CARD
2C 3C 7C 8C AD,6654,HIGH_CARD
4C 5C 6C 8C AD,6655,HIGH_CARD
3C 5C 6C 8C AD,6656,HIGH_CARD
2C 5C 6C 8C AD,6657,HIGH_CARD
3C 4C 6C 8C AD,6658,HIGH_CARD
2C 4C 6C 8C AD,6659,HIGH_CARD
2C 3C 6C 8C AD,6660,HIGH_CARD
3C 4C 5C 8C AD,6661,HIGH_CARD
2C 4C 5C 8C AD,6662,HIGH_CARD
2C 3C 5C 8C AD,6663,HIGH_CARD
2C 3C 4C 8C AD,6664,HIGH_CARD
4C 5C 6C 7C AD,6665,HIGH_CARD
3C 5C 6C 7C AD,6666,HIGH_CARD
2C 5C 6C 7C AD,6667,HIGH_CARD
3C 4C 6C 7C AD,6668,HIGH_CARD
2C 4C 6C 7C AD,6669,HIGH_CARD
2C 3C 6C 7C AD,6670,HIGH_CARD
3C 4C 5C 7C AD,6671,HIGH_CARD
2C 4C 5C 7C AD,6672,HIGH_CARD
2C 3C 5C 7C AD,6673,HIGH_CARD
2C 3C 4C 7C AD,6674,HIGH_CARD
3C 4C 5C 6C AD,6675,HIGH_CARD
2C 4C 5C 6C AD,6676,HIGH_CARD
2C 3C 5C 6C AD,6677,HIGH_CARD
2C 3C 4C 6C AD,6678,HIGH_CARD
8C TC JC QC KD,6679,HIGH_CARD
7C TC JC QC KD,6680,HIGH_CARD
6C TC JC QC KD,6681,HIGH_CARD
5C TC JC QC KD,6682,HIGH_CARD
4C TC JC QC KD,6683,HIGH_CARD
3C TC JC QC KD,6684,HIGH_CARD
2C TC JC QC KD,6685,HIGH_CARD
8C 9C JC QC KD,6686,HIGH_CARD
7C 9C JC QC KD,6687,HIGH_CARD
6C 9C JC QC KD,6688,HIGH_CARD
5C 9C JC QC KD,6689,HIGH_CARD
4C 9C JC QC KD,6690,HIGH_CARD
3C 9C JC QC KD,6691,HIGH_CARD
2C 9C JC QC KD,6692,HIGH_CARD
7C 8C JC QC KD,6693,HIGH_CARD
6C 8C JC QC KD,6694,HIGH_CARD
5C 8C JC QC KD,6695,HIGH_CARD
4C 8C JC QC KD,6696,HIGH_CARD
3C 8C JC QC KD,6697,HIGH_CARD
2C 8C JC QC KD,6698,HIGH_CARD
6C 7C JC QC KD,6699,HIGH_CARD
5C 7C JC QC KD,6700,HIGH_CARD
4C 7C JC QC KD,6701,HIGH_CARD
3C 7C JC QC KD,6702,HIGH_CARD
2C 7C JC QC KD,6703,HIGH_CARD
5C 6C JC QC KD,6704,HIGH_CARD
4C 6C JC QC KD,6705,HIGH_CARD
3C 6C JC QC KD,6706,HIGH_CARD
2C 6C JC QC KD,6707,HIGH_CARD
4C 5C JC QC KD,6708,HIGH_CARD
3C 5C JC QC KD,6709,HIGH_CARD
2C 5C JC QC KD,6710,HIGH_CARD
3C 4C JC QC KD,6711,HIGH_CARD
2C 4C JC QC KD,6712,HIGH_CARD
2C 3C JC QC KD,6713,HIGH_CARD
8C 9C TC QC KD,6714,HIGH_CARD
7C 9C TC QC KD,6715,HIGH_CARD
6C 9C TC QC KD,6716,HIGH_CARD
5C 9C TC QC KD,6717,HIGH_CARD
4C 9C TC QC KD,6718,HIGH_CARD
3C 9C TC QC KD,6719,HIGH_CARD
2C 9C TC QC KD,6720,HIGH_CARD
7C 8C TC QC KD,6721,HIGH_CARD
6C 8C TC QC KD,6722,HIGH_CARD
5C 8C TC QC KD,6723,HIGH_CARD
4C 8C TC QC KD,6724,HIGH_CARD
3C 8C TC QC KD,6725,HIGH_CARD
2C 8C TC QC KD,6726,HIGH_CARD
6C 7C TC QC KD,6727,HIGH_CARD
5C 7C TC QC KD,6728,HIGH_CARD
4C 7C TC QC KD,6729,HIGH_CARD
3C 7C TC QC KD,6730,HIGH_CARD
2C 7C TC QC KD,6731,HIGH_CARD
5C 6C TC QC KD,6732,HIGH_CARD
4C 6C TC QC KD,6733,HIGH_CARD
3C 6C TC QC KD,6734,HIGH_CARD
2C 6C TC QC KD,6735,HIGH_CARD
4C 5C TC QC KD,6736,HIGH_CARD
3C 5C TC QC KD,6737,HIGH_CARD
2C 5C TC QC KD,6738,HIGH_CARD
3C 4C TC QC KD,6739,HIGH_CARD
2C 4C TC QC KD,6740,HIGH_CARD
2C 3C TC QC KD,6741,HIGH_CARD
7C 8C 9C QC KD,6742,HIGH_CARD
6C 8C 9C QC KD,6743,HIGH_CARD
5C 8C 9C QC KD,6744,HIGH_CARD
4C 8C 9C QC KD,6745,HIGH_CARD
3C 8C 9C QC KD,6746,HIGH_CARD
2C 8C 9C QC KD,6747,HIGH_CARD
6C 7C 9C QC KD,6748,HIGH_CARD
5C 7C 9C QC KD,6749,HIGH_CARD
4C 7C 9C QC KD,6750,HIGH_CARD
3C 7C 9C QC KD,6751,HIGH_CARD
2C 7C 9C QC KD,6752,HIGH_CARD
5C 6C 9C QC KD,6753,HIGH_CARD
4C 6C 9C QC KD,6754,HIGH_CARD
3C 6C 9C QC KD,6755,HIGH_CARD
2C 6C 9C QC KD,6756,HIGH_CARD
4C 5C 9C QC KD,6757,HIGH_CARD
3C 5C 9C QC KD,6758,HIGH_CARD
2C 5C 9C QC KD,6759,HIGH_CARD
3C 4C 9C QC KD,6760,HIGH_CARD
2C 4C 9C QC KD,6761,HIGH_CARD
2C 3C 9C QC KD,6762,HIGH_CARD
6C 7C 8C QC KD,6763,HIGH_CARD
5C 7C 8C QC KD,6764,HIGH_CARD
4C 7C 8C QC KD,6765,HIGH_CARD
3C 7C 8C QC KD,6766,HIGH_CARD
2C 7C 8C QC KD,6767,HIGH_CARD
5C 6C 8C QC KD,6768,HIGH_CARD
4C 6C 8C QC KD,6769,HIGH_CARD
3C 6C 8C QC KD,6770,HIGH_CARD
2C 6C 8C QC KD,6771,HIGH_CARD
4C 5C 8C QC KD,6772,HIGH_CARD
3C 5C 8C QC KD,6773,HIGH_CARD
2C 5C 8C QC KD,6774,HIGH_CARD
3C 4C 8C QC KD,6775,HIGH_CARD
2C 4C 8C QC KD,6776,HIGH_CARD
2C 3C 8C QC KD,6777,HIGH_CARD
5C 6C 7C QC KD,6778,HIGH_CARD
4C 6C 7C QC KD,6779,HIGH_CARD
3C 6C 7C QC KD,6780,HIGH_CARD
2C 6C 7C QC KD,6781,HIGH_CARD
4C 5C 7C QC KD,6782,HIGH_CARD
3C 5C 7C QC KD,6783,HIGH_CARD
2C 5C 7C QC KD,6784,HIGH_CARD
3C 4C 7C QC KD,6785,HIGH_CARD
2C 4C 7C QC KD,6786,HIGH_CARD
2C 3C 7C QC KD,6787,HIGH_CARD
4C 5C 6C QC KD,6788,HIGH_CARD
3C 5C 6C QC KD,6789,HIGH_CARD
2C 5C 6C QC KD,6790,HIGH_CARD
3C 4C 6C QC KD,6791,HIGH_CARD
2C 4C 6C QC KD,6792,HIGH_CARD
2C 3C 6C QC KD,6793,HIGH_CARD
3C 4C 5C QC KD,6794,HIGH_CARD
2C 4C 5C QC KD,6795,HIGH_CARD
2C 3C 5C QC KD,6796,HIGH_CARD
2C 3C 4C QC KD,6797,HIGH_CARD
8C 9C TC JC KD,6798,HIGH_CARD
7C 9C TC JC KD,6799,HIGH_CARD
6C 9C TC JC KD,6800,HIGH_CARD
5C 9C TC JC KD,6801,HIGH_CARD
4C 9C TC JC KD,6802,HIGH_CARD
3C 9C TC JC KD,6803,HIGH_CARD
2C 9C TC JC KD,6804,HIGH_CARD
7C 8C TC JC KD,6805,HIGH_CARD
6C 8C TC JC KD,6806,HIGH_CARD
5C 8C TC JC KD,6807,HIGH_CARD
4C 8C TC JC KD,6808,HIGH_CARD
3C 8C TC JC KD,6809,HIGH_CARD
2C 8C TC JC KD,6810,HIGH_CARD
6C 7C TC JC KD,6811,HIGH_CARD
5C 7C TC JC KD,6812,HIGH_CARD
4C 7C TC JC KD,6813,HIGH_CARD
3C 7C TC JC KD,6814,HIGH_CARD
2C 7C TC JC KD,6815,HIGH_CARD
5C 6C TC JC KD,6816,HIGH_CARD
4C 6C TC JC KD,6817,HIGH_CARD
3C 6C TC JC KD,6818,HIGH_CARD
2C 6C TC JC KD,6819,HIGH_CARD
4C 5C TC JC KD,6820,HIGH_CARD
3C 5C TC JC KD,6821,HIGH_CARD
2C 5C TC JC KD,6822,HIGH_CARD
3C 4C TC JC KD,6823,HIGH_CARD
2C 4C TC JC KD,6824,HIGH_CARD
2C 3C TC JC KD,6825,HIGH_CARD
7C 8C 9C JC KD,6826,HIGH_CARD
6C 8C 9C JC KD,6827,HIGH_CARD
5C 8C 9C JC KD,6828,HIGH_CARD
4C 8C 9C JC KD,6829,HIGH_CARD
3C 8C 9C JC KD,6830,HIGH_CARD
2C 8C 9C JC KD,6831,HIGH_CARD
6C 7C 9C JC KD,6832,HIGH_CARD
5C 7C 9C JC KD,6833,HIGH_CARD
4C 7C 9C JC KD,6834,HIGH_CARD
3C 7C 9C JC KD,6835,HIGH_CARD
2C 7C 9C JC KD,6836,HIGH_CARD
5C 6C 9C JC KD,6837,HIGH_CARD
4C 6C 9C JC KD,6838,HIGH_CARD
3C 6C 9C JC KD,6839,HIGH_CARD
2C 6C 9C JC KD,6840,HIGH_CARD
4C 5C 9C JC KD,6841,HIGH_CARD
3C 5C 9C JC KD,6842,HIGH_CARD
2C 5C 9C JC KD,6843,HIGH_CARD
3C 4C 9C JC KD,6844,HIGH_CARD
2C 4C 9C JC KD,6845,HIGH_CARD
2C 3C 9C JC KD,6846,HIGH_CARD
6C 7C 8C JC KD,6847,HIGH_CARD
5C 7C 8C JC KD,6848,HIGH_CARD
4C 7C 8C JC KD,6849,HIGH_CARD
3C 7C 8C JC KD,6850,HIGH_CARD
2C 7C 8C JC KD,6851,HIGH_CARD
5C 6C 8C JC KD,6852,HIGH_CARD
4C 6C 8C JC KD,6853,HIGH_CARD
3C 6C 8C JC KD,6854,HIGH_CARD
2C 6C 8C JC KD,6855,HIGH_CARD
4C 5C 8C JC KD,6856,HIGH_CARD
3C 5C 8C JC KD,6857,HIGH_CARD
2C 5C 8C JC KD,6858,HIGH_CARD
3C 4C 8C JC KD,6859,HIGH_CARD
2C 4C 8C JC KD,6860,HIGH_CARD
2C 3C 8C JC KD,6861,HIGH_CARD
5C 6C 7C JC KD,6862,HIGH_CARD
4C 6C 7C JC KD,6863,HIGH_CARD
3C 6C 7C JC KD,6864,HIGH_CARD
2C 6C 7C JC KD,6865,HIGH_CARD
4C 5C 7C JC KD,6866,HIGH_CARD
3C 5C 7C JC KD,6867,HIGH_CARD
2C 5C 7C JC KD,6868,HIGH_CARD
3C 4C 7C JC KD,6869,HIGH_CARD
2C 4C 7C JC KD,6870,HIGH_CARD
2C 3C 7C JC KD,6871,HIGH_CARD
4C 5C 6C JC KD,6872,HIGH_CARD
3C 5C 6C JC KD,6873,HIGH_CARD
2C 5C 6C JC KD,6874,HIGH_CARD
3C 4C 6C JC KD,6875,HIGH_CARD
2C 4C 6C JC KD,6876,HIGH_CARD
2C 3C 6C JC KD,6877,HIGH_CARD
3C 4C 5C JC KD,6878,HIGH_CARD
2C 4C 5C JC KD,6879,HIGH_CARD
2C 3C 5C JC KD,6880,HIGH_CARD
2C 3C 4C JC KD,6881,HIGH_CARD
7C 8C 9C TC KD,6882,HIGH_CARD
6C 8C 9C TC KD,6883,HIGH_CARD
5C 8C 9C TC KD,6884,HIGH_CARD
4C 8C 9C TC KD,6885,HIGH_CARD
3C 8C 9C TC KD,6886,HIGH_CARD
2C 8C 9C TC KD,6887,HIGH_CARD
6C 7C 9C TC KD,6888,HIGH_CARD
5C 7C 9C TC KD,6889,HIGH_CARD
4C 7C 9C TC KD,6890,HIGH_CARD
3C 7C 9C TC KD,6891,HIGH_CARD
2C 7C 9C TC KD,6892,HIGH_CARD
5C 6C 9C TC KD,6893,HIGH_CARD
4C 6C 9C TC KD,6894,HIGH_CARD
3C 6C 9C TC KD,6895,HIGH_CARD
2C 6C 9C TC KD,6896,HIGH_CARD
4C 5C 9C TC KD,6897,HIGH_CARD
3C 5C 9C TC KD,6898,HIGH_CARD
2C 5C 9C TC KD,6899,HIGH_CARD
3C 4C 9C TC KD,6900,HIGH_CARD
2C 4C 9C TC KD,6901,HIGH_CARD
2C 3C 9C TC KD,6902,HIGH_CARD
6C 7C 8C TC KD,6903,HIGH_CARD
5C 7C 8C TC KD,6904,HIGH_CARD
4C 7C 8C TC KD,6905,HIGH_CARD
3C 7C 8C TC KD,6906,HIGH_CARD
2C 7C 8C TC KD,6907,HIGH_CARD
5C 6C 8C TC KD,6908,HIGH_CARD
4C 6C 8C TC KD,6909,HIGH_CARD
3C 6C 8C TC KD,6910,HIGH_CARD
2C 6C 8C TC KD,6911,HIGH_CARD
4C 5C 8C TC KD,6912,HIGH_CARD
3C 5C 8C TC KD,6913,HIGH_CARD
2C 5C 8C TC KD,6914,HIGH_CARD
3C 4C 8C TC KD,6915,HIGH_CARD
2C 4C 8C TC KD,6916,HIGH_CARD
2C 3C 8C TC KD,6917,HIGH_CARD
5C 6C 7C TC KD,6918,HIGH_CARD
4C 6C 7C TC KD,6919,HIGH_CARD
3C 6C 7C TC KD,6920,HIGH_CARD
2C 6C 7C TC KD,6921,HIGH_CARD
4C 5C 7C TC KD,6922,HIGH_CARD
3C 5C 7C TC KD,6923,HIGH_CARD
2C 5C 7C TC KD,6924,HIGH_CARD
3C 4C 7C TC KD,6925,HIGH_CARD
2C 4C 7C TC KD,6926,HIGH_CARD
2C 3C 7C TC KD,6927,HIGH_CARD
4C 5C 6C TC KD,6928,HIGH_CARD
3C 5C 6C TC KD,6929,HIGH_CARD
2C 5C 6C TC KD,6930,HIGH_CARD
3C 4C 6C TC KD,6931,HIGH_CARD
2C 4C 6C TC KD,6932,HIGH_CARD
2C 3C 6C TC KD,6933,HIGH_CARD
3C 4C 5C TC KD,6934,HIGH_CARD
2C 4C 5C TC KD,6935,HIGH_CARD
2C 3C 5C TC KD,6936,HIGH_CARD
2C 3C 4C TC KD,6937,HIGH_CARD
6C 7C 8C 9C KD,6938,HIGH_CARD
5C 7C 8C 9C KD,6939,HIGH_CARD
4C 7C 8C 9C KD,6940,HIGH_CARD
3C 7C 8C 9C KD,6941,HIGH_CARD
2C 7C 8C 9C KD,6942,HIGH_CARD
5C 6C 8C 9C KD,6943,HIGH_CARD
4C 6C 8C 9C KD,6944,HIGH_CARD
3C 6C 8C 9C KD,6945,HIGH_CARD
2C 6C 8C 9C KD,6946,HIGH_CARD
4C 5C 8C 9C KD,6947,HIGH_CARD
3C 5C 8C 9C KD,6948,HIGH_CARD
2C 5C 8C 9C KD,6949,HIGH_CARD
3C 4C 8C 9C KD,6950,HIGH_CARD
2C 4C 8C 9C KD,6951,HIGH_CARD
2C 3C 8C 9C KD,6952,HIGH_CARD
5C 6C 7C 9C KD,6953,HIGH_CARD
4C 6C 7C 9C KD,6954,HIGH_CARD
3C 6C 7C 9C KD,6955,HIGH_CARD
2C 6C 7C 9C KD,6956,HIGH_CARD
4C 5C 7C 9C KD,6957,HIGH_CARD
3C 5C 7C 9C KD,6958,HIGH_CARD
2C 5C 7C 9C KD,6959,HIGH_CARD
3C 4C 7C 9C KD,6960,HIGH_CARD
2C 4C 7C 9C KD,6961,HIGH_CARD
2C 3C 7C 9C KD,6962,HIGH_CARD
4C 5C 6C 9C KD,6963,HIGH_CARD
3C 5C 6C 9C KD,6964,HIGH_CARD
2C 5C 6C 9C KD,6965,HIGH_CARD
3C 4C 6C 9C KD,6966,HIGH_CARD
2C 4C 6C 9C KD,6967,HIGH_CARD
2C 3C 6C 9C KD,6968,HIGH_CARD
3C 4C 5C 9C KD,6969,HIGH_CARD
2C 4C 5C 9C KD,6970,HIGH_CARD
2C 3C 5C 9C KD,6971,HIGH_CARD
2C 3C 4C 9C KD,6972,HIGH_CARD
5C 6C 7C 8C KD,6973,HIGH_CARD
4C 6C 7C 8C KD,6974,HIGH_CARD
3C 6C 7C 8C KD,6975,HIGH_CARD
2C 6C 7C 8C KD,6976,HIGH_CARD
4C 5C 7C 8C KD,6977,HIGH_CARD
3C 5C 7C 8C KD,6978,HIGH_CARD
2C 5C 7C 8C KD,6979,HIGH_CARD
3C 4C 7C 8C KD,6980,HIGH_CARD
2C 4C 7C 8C KD,6981,HIGH_CARD
2C 3C 7C 8C KD,6982,HIGH_CARD
4C 5C 6C 8C KD,6983,HIGH_CARD
3C 5C 6C 8C KD,6984,HIGH_CARD
2C 5C 6C 8C KD,6985,HIGH_CARD
3C 4C 6C 8C KD,6986,HIGH_CARD
2C 4C 6C 8C KD,6987,HIGH_CARD
2C 3C 6C 8C KD,6988,HIGH_CARD
3C 4C 5C 8C KD,6989,HIGH_CARD
2C 4C 5C 8C KD,6990,HIGH_CARD
2C 3C 5C 8C KD,6991,HIGH_CARD
2C 3C 4C 8C KD,6992,HIGH_CARD
4C 5C 6C 7C KD,6993,HIGH_CARD
3C 5C 6C 7C KD,6994,HIGH_CARD
2C 5C 6C 7C KD,6995,HIGH_CARD
3C 4C 6C 7C KD,6996,HIGH_CARD
2C 4C 6C 7C KD,6997,HIGH_CARD
2C 3C 6C 7C KD,6998,HIGH_CARD
3C 4C 5C 7C KD,6999,HIGH_CARD
2C 4C 5C 7C KD,7000,HIGH_CARD
2C 3C 5C 7C KD,7001,HIGH_CARD
2C 3C 4C 7C KD,7002,HIGH_CARD
3C 4C 5C 6C KD,7003,HIGH_CARD
2C 4C 5C 6C KD,7004,HIGH_CARD
2C 3C 5C 6C KD,7005,HIGH_CARD
2C 3C 4C 6C KD,7006,HIGH_CARD
2C 3C 4C 5C KD,7007,HIGH_CARD
7C 9C TC JC QD,7008,HIGH_CARD
6C 9C TC JC QD,7009,HIGH_CARD
5C 9C TC JC QD,7010,HIGH_CARD
4C 9C TC JC QD,7011,HIGH_CARD
3C 9C TC JC QD,7012,HIGH_CARD
2C 9C TC JC QD,7013,HIGH_CARD
7C 8C TC JC QD,7014,HIGH_CARD
6C 8C TC JC QD,7015,HIGH_CARD
5C 8C TC JC QD,7016,HIGH_CARD
4C 8C TC JC QD,7017,HIGH_CARD
3C 8C TC JC QD,7018,HIGH_CARD
2C 8C TC JC QD,7019,HIGH_CARD
6C 7C TC JC QD,7020,HIGH_CARD
5C 7C TC JC QD,7021,HIGH_CARD
4C 7C TC JC QD,7022,HIGH_CARD
3C 7C TC JC QD,7023,HIGH_CARD
2C 7C TC JC QD,7024,HIGH_CARD
5C 6C TC JC QD,7025,HIGH_CARD
4C 6C TC JC QD,7026,HIGH_CARD
3C 6C TC JC QD,7027,HIGH_CARD
2C 6C TC JC QD,7028,HIGH_CARD
4C 5C TC JC QD,7029,HIGH_CARD
3C 5C TC JC QD,7030,HIGH_CARD
2C 5C TC JC QD,7031,HIGH_CARD
3C 4C TC JC QD,7032,HIGH_CARD
2C 4C TC JC QD,7033,HIGH_CARD
2C 3C TC JC QD,7034,HIGH_CARD
7C 8C 9C JC QD,7035,HIGH_CARD
6C 8C 9C JC QD,7036,HIGH_CARD
5C 8C 9C JC QD,7037,HIGH_CARD
4C 8C 9C JC QD,7038,HIGH_CARD
3C 8C 9C JC QD,7039,HIGH_CARD
2C 8C 9C JC QD,7040,HIGH_CARD
6C 7C 9C JC QD,7041,HIGH_CARD
5C 7C 9C JC QD,7042,HIGH_CARD
4C 7C 9C JC QD,7043,HIGH_CARD
3C 7C 9C JC QD,7044,HIGH_CARD
2C 7C 9C JC QD,7045,HIGH_CARD
5C 6C 9C JC QD,7046,HIGH_CARD
4C 6C 9C JC QD,7047,HIGH_CARD
3C 6C 9C JC QD,7048,HIGH_CARD
2C 6C 9C JC QD,7049,HIGH_CARD
4C 5C 9C JC QD,7050,HIGH_CARD
3C 5C 9C JC QD,7051,HIGH_CARD
2C 5C 9C JC QD,7052,HIGH_CARD
3C 4C 9C JC QD,7053,HIGH_CARD
2C 4C 9C JC QD,7054,HIGH_CARD
2C 3C 9C JC QD,7055,HIGH_CARD
6C 7C 8C JC QD,7056,HIGH_CARD
5C 7C 8C JC QD,7057,HIGH_CARD
4C 7C 8C JC QD,7058,HIGH_CARD
3C 7C 8C JC QD,7059,HIGH_CARD
2C 7C 8C JC QD,7060,HIGH_CARD
5C 6C 8C JC QD,7061,HIGH_CARD
4C 6C 8C JC QD,7062,HIGH_CARD
3C 6C 8C JC QD,7063,HIGH_CARD
2C 6C 8C JC QD,7064,HIGH_CARD
4C 5C 8C JC QD,7065,HIGH_CARD
3C 5C 8C JC QD,7066,HIGH_CARD
2C 5C 8C JC QD,7067,HIGH_CARD
3C 4C 8C JC QD,7068,HIGH_CARD
2C 4C 8C JC QD,7069,HIGH_CARD
2C 3C 8C JC QD,7070,HIGH_CARD
5C 6C 7C JC QD,7071,HIGH_CARD
4C 6C 7C JC QD,7072,HIGH_CARD
3C 6C 7C JC QD,7073,HIGH_CARD
2C 6C 7C JC QD,7074,HIGH_CARD
4C 5C 7C JC QD,7075,HIGH_CARD
3C 5C 7C JC QD,7076,HIGH_CARD
2C 5C 7C JC QD,7077,HIGH_CARD
3C 4C 7C JC QD,7078,HIGH_CARD
2C 4C 7C JC QD,7079,HIGH_CARD
2C 3C 7C JC QD,7080,HIGH_CARD
4C 5C 6C JC QD,7081,HIGH_CARD
3C 5C 6C JC QD,7082,HIGH_CARD
2C 5C 6C JC QD,7083,HIGH_CARD
3C 4C 6C JC QD,7084,HIGH_CARD
2C 4C 6C JC QD,7085,HIGH_CARD
2C 3C 6C JC QD,7086,HIGH_CARD
3C 4C 5C JC QD,7087,HIGH_CARD
2C 4C 5C JC QD,7088,HIGH_CARD
2C 3C 5C JC QD,7089,HIGH_CARD
2C 3C 4C JC QD,7090,HIGH_CARD
7C 8C 9C TC QD,7091,HIGH_CARD
6C 8C 9C TC QD,7092,HIGH_CARD
5C 8C 9C TC QD,7093,HIGH_CARD
4C 8C 9C TC QD,7094,HIGH_CARD
3C 8C 9C TC QD,7095,HIGH_CARD
2C 8C 9C TC QD,7096,HIGH_CARD
6C 7C 9C TC QD,7097,HIGH_CARD
5C 7C 9C TC QD,7098,HIGH_CARD
4C 7C 9C TC QD,7099,HIGH_CARD
3C 7C 9C TC QD,7100,HIGH_CARD
2C 7C 9C TC QD,7101,HIGH_CARD
5C 6C 9C TC QD,7102,HIGH_CARD
4C 6C 9C TC QD,7103,HIGH_CARD
3C 6C 9C TC QD,7104,HIGH_CARD
2C 6C 9C TC QD,7105,HIGH_CARD
4C 5C 9C TC QD,7106,HIGH_CARD
3C 5C 9C TC QD,7107,HIGH_CARD
2C 5C 9C TC QD,7108,HIGH_CARD
3C 4C 9C TC QD,7109,HIGH_CARD
2C 4C 9C TC QD,7110,HIGH_CARD
2C 3C 9C TC QD,7111,HIGH_CARD
6C 7C 8C TC QD,7112,HIGH_CARD
5C 7C 8C TC QD,7113,HIGH_CARD
4C 7C 8C TC QD,7114,HIGH_CARD
3C 7C 8C TC QD,7115,HIGH_CARD
2C 7C 8C TC QD,7116,HIGH_CARD
5C 6C 8C TC QD,7117,HIGH_CARD
4C 6C 8C TC QD,7118,HIGH_CARD
3C 6C 8C TC QD,7119,HIGH_CARD
2C 6C 8C TC QD,7120,HIGH_CARD
4C 5C 8C TC QD,7121,HIGH_CARD
3C 5C 8C TC QD,7122,HIGH_CARD
2C 5C 8C TC QD,7123,HIGH_CARD
3C 4C 8C TC QD,7124,HIGH_CARD
2C 4C 8C TC QD,7125,HIGH_CARD
2C 3C 8C TC QD,7126,HIGH_CARD
5C 6C 7C TC QD,7127,HIGH_CARD
4C 6C 7C TC QD,7128,HIGH_CARD
3C 6C 7C TC QD,7129,HIGH_CARD
2C 6C 7C TC QD,7130,HIGH_CARD
4C 5C 7C TC QD,7131,HIGH_CARD
3C 5C 7C TC QD,7132,HIGH_CARD
2C 5C 7C TC QD,7133,HIGH_CARD
3C 4C 7C TC QD,7134,HIGH_CARD
2C 4C 7C TC QD,7135,HIGH_CARD
2C 3C 7C TC QD,7136,HIGH_CARD
4C 5C 6C TC QD,7137,HIGH_CARD
3C 5C 6C TC QD,7138,HIGH_CARD
2C 5C 6C TC QD,7139,HIGH_CARD
3C 4C 6C TC QD,7140,HIGH_CARD
2C 4C 6C TC QD,7141,HIGH_CARD
2C 3C 6C TC QD,7142,HIGH_CARD
3C 4C 5C TC QD,7143,HIGH_CARD
2C 4C 5C TC QD,7144,HIGH_CARD
2C 3C 5C TC QD,7145,HIGH_CARD
2C 3C 4C TC QD,7146,HIGH_CARD
6C 7C 8C 9C QD,7147,HIGH_CARD
5C 7C 8C 9C QD,7148,HIGH_CARD
4C 7C 8C 9C QD,7149,HIGH_CARD
3C 7C 8C 9C QD,7150,HIGH_CARD
2C 7C 8C 9C QD,7151,HIGH_CARD
5C 6C 8C 9C QD,7152,HIGH_CARD
4C 6C 8C 9C QD,7153,HIGH_CARD
3C 6C 8C 9C QD,7154,HIGH_CARD
2C 6C 8C 9C QD,7155,HIGH_CARD
4C 5C 8C 9C QD,7156,HIGH_CARD
3C 5C 8C 9C QD,7157,HIGH_CARD
2C 5C 8C 9C QD,7158,HIGH_CARD
3C 4C 8C 9C QD,7159,HIGH_CARD
2C 4C 8C 9C QD,7160,HIGH_CARD
2C 3C 8C 9C QD,7161,HIGH_CARD
5C 6C 7C 9C QD,7162,HIGH_CARD
4C 6C 7C 9C QD,7163,HIGH_CARD
3C 6C 7C 9C QD,7164,HIGH_CARD
2C 6C 7C 9C QD,7165,HIGH_CARD
4C 5C 7C 9C QD,7166,HIGH_CARD
3C 5C 7C 9C QD,7167,HIGH_CARD
2C 5C 7C 9C QD,7168,HIGH_CARD
3C 4C 7C 9C QD,7169,HIGH_CARD
2C 4C 7C 9C QD,7170,HIGH_CARD
2C 3C 7C 9C QD,7171,HIGH_CARD
4C 5C 6C 9C QD,7172,HIGH_CARD
3C 5C 6C 9C QD,7173,HIGH_CARD
2C 5C 6C 9C QD,7174,HIGH_CARD
3C 4C 6C 9C QD,7175,HIGH_CARD
2C 4C 6C 9C QD,7176,HIGH_CARD
2C 3C 6C 9C QD,7177,HIGH_CARD
3C 4C 5C 9C QD,7178,HIGH_CARD
2C 4C 5C 9C QD,7179,HIGH_CARD
2C 3C 5C 9C QD,7180,HIGH_CARD
2C 3C 4C 9C QD,7181,HIGH_CARD
5C 6C 7C 8C QD,7182,HIGH_CARD
4C 6C 7C 8C QD,7183,HIGH_CARD
3C 6C 7C 8C QD,7184,HIGH_CARD
2C 6C 7C 8C QD,7185,HIGH_CARD
4C 5C 7C 8C QD,7186,HIGH_CARD
3C 5C 7C 8C QD,7187,HIGH_CARD
2C 5C 7C 8C QD,7188,HIGH_CARD
3C 4C 7C 8C QD,7189,HIGH_CARD
2C 4C 7C 8C QD,7190,HIGH_CARD
2C 3C 7C 8C QD,7191,HIGH_CARD
4C 5C 6C 8C QD,7192,HIGH_CARD
3C 5C 6C 8C QD,7193,HIGH_CARD
2C 5C 6C 8C QD,7194,HIGH_CARD
3C 4C 6C 8C QD,7195,HIGH_CARD
2C 4C 6C 8C QD,7196,HIGH_CARD
2C 3C 6C 8C QD,7197,HIGH_CARD
3C 4C 5C 8C QD,7198,HIGH_CARD
2C 4C 5C 8C QD,7199,HIGH_CARD
2C 3C 5C 8C QD,7200,HIGH_CARD
2C 3C 4C 8C QD,7201,HIGH_CARD
4C 5C 6C 7C QD,7202,HIGH_CARD
3C 5C 6C 7C QD,7203,HIGH_CARD
2C 5C 6C 7C QD,7204,HIGH_CARD
3C 4C 6C 7C QD,7205,HIGH_CARD
2C 4C 6C 7C QD,7206,HIGH_CARD
2C 3C 6C 7C QD,7207,HIGH_CARD
3C 4C 5C 7C QD,7208,HIGH_CARD
2C 4C 5C 7C QD,7209,HIGH_CARD
2C 3C 5C 7C QD,7210,HIGH_CARD
2C 3C 4C 7C QD,7211,HIGH_CARD
3C 4C 5C 6C QD,7212,HIGH_CARD
2C 4C 5C 6C QD,7213,HIGH_CARD
2C 3C 5C 6C QD,7214,HIGH_CARD
2C 3C 4C 6C QD,7215,HIGH_CARD
2C 3C 4C 5C QD,7216,HIGH_CARD
6C 8C 9C TC JD,7217,HIGH_CARD
5C 8C 9C TC JD,7218,HIGH_CARD
4C 8C 9C TC JD,7219,HIGH_CARD
3C 8C 9C TC JD,7220,HIGH_CARD
2C 8C 9C TC JD,7221,HIGH_CARD
6C 7C 9C TC JD,7222,HIGH_CARD
5C 7C 9C TC JD,7223,HIGH_CARD
4C 7C 9C TC JD,7224,HIGH_CARD
3C 7C 9C TC JD,7225,HIGH_CARD
2C 7C 9C TC JD,7226,HIGH_CARD
5C 6C 9C TC JD,7227,HIGH_CARD
4C 6C 9C TC JD,7228,HIGH_CARD
3C 6C 9C TC JD,7229,HIGH_CARD
2C 6C 9C TC JD,7230,HIGH_CARD
4C 5C 9C TC JD,7231,HIGH_CARD
3C 5C 9C TC JD,7232,HIGH_CARD
2C 5C 9C TC JD,7233,HIGH_CARD
3C 4C 9C TC JD,7234,HIGH_CARD
2C 4C 9C TC JD,7235,HIGH_CARD
2C 3C 9C TC JD,7236,HIGH_CARD
6C 7C 8C TC JD,7237,HIGH_CARD
5C 7C 8C TC JD,7238,HIGH_CARD
4C 7C 8C TC JD,7239,HIGH_CARD
3C 7C 8C TC JD,7240,HIGH_CARD
2C 7C 8C TC JD,7241,HIGH_CARD
5C 6C 8C TC JD,7242,HIGH_CARD
4C 6C 8C TC JD,7243,HIGH_CARD
3C 6C 8C TC JD,7244,HIGH_CARD
2C 6C 8C TC JD,7245,HIGH_CARD
4C 5C 8C TC JD,7246,HIGH_CARD
3C 5C 8C TC JD,7247,HIGH_CARD
2C 5C 8C TC JD,7248,HIGH_CARD
3C 4C 8C TC JD,7249,HIGH_CARD
2C 4C 8C TC JD,7250,HIGH_CARD
2C 3C 8C TC JD,7251,HIGH_CARD
5C 6C 7C TC JD,7252,HIGH_CARD
4C 6C 7C TC JD,7253,HIGH_CARD
3C 6C 7C TC JD,7254,HIGH_CARD
2C 6C 7C TC JD,7255,HIGH_CARD
4C 5C 7C TC JD,7256,HIGH_CARD
3C 5C 7C TC JD,7257,HIGH_CARD
2C 5C 7C TC JD,7258,HIGH_CARD
3C 4C 7C TC JD,7259,HIGH_CARD
2C 4C 7C TC JD,7260,HIGH_CARD
2C 3C 7C TC JD,7261,HIGH_CARD
4C 5C 6C TC JD,7262,HIGH_CARD
3C 5C 6C TC JD,7263,HIGH_CARD
2C 5C 6C TC JD,7264,HIGH_CARD
3C 4C 6C TC JD,7265,HIGH_CARD
2C 4C 6C TC JD,7266,HIGH_CARD
2C 3C 6C TC JD,7267,HIGH_CARD
3C 4C 5C TC JD,7268,HIGH_CARD
2C 4C 5C TC JD,7269,HIGH_CARD
2C 3C 5C TC JD,7270,HIGH_CARD
2C 3C 4C TC JD,7271,HIGH_CARD
6C 7C 8C 9C JD,7272,HIGH_CARD
5C 7C 8C 9C JD,7273,HIGH_CARD
4C 7C 8C 9C JD,7274,HIGH_CARD
3C 7C 8C 9C JD,7275,HIGH_CARD
2C 7C 8C 9C JD,7276,HIGH_CARD
5C 6C 8C 9C JD,7277,HIGH_CARD
4C 6C 8C 9C JD,7278,HIGH_CARD
3C 6C 8C 9C JD,7279,HIGH_CARD
2C 6C 8C 9C JD,7280,HIGH_CARD
4C 5C 8C 9C JD,7281,HIGH_CARD
3C 5C 8C 9C JD,7282,HIGH_CARD
2C 5C 8C 9C JD,7283,HIGH_CARD
3C 4C 8C 9C JD,7284,HIGH_CARD
2C 4C 8C 9C JD,7285,HIGH_CARD
2C 3C 8C 9C JD,7286,HIGH_CARD
5C 6C 7C 9C JD,7287,HIGH_CARD
4C 6C 7C 9C JD,7288,HIGH_CARD
3C 6C 7C 9C JD,7289,HIGH_CARD
2C 6C 7C 9C JD,7290,HIGH_CARD
4C 5C 7C 9C JD,7291,HIGH_CARD
3C 5C 7C 9C JD,7292,HIGH_CARD
2C 5C 7C 9C JD,7293,HIGH_CARD
3C 4C 7C 9C JD,7294,HIGH_CARD
2C 4C 7C 9C JD,7295,HIGH_CARD
2C 3C 7C 9C JD,7296,HIGH_CARD
4C 5C 6C 9C JD,7297,HIGH_CARD
3C 5C 6C 9C JD,7298,HIGH_CARD
2C 5C 6C 9C JD,7299,HIGH_CARD
3C 4C 6C 9C JD,7300,HIGH_CARD
2C 4C 6C 9C JD,7301,HIGH_CARD
2C 3C 6C 9C JD,7302,HIGH_CARD
3C 4C 5C 9C JD,7303,HIGH_CARD
2C 4C 5C 9C JD,7304,HIGH_CARD
2C 3C 5C 9C JD,7305,HIGH_CARD
2C 3C 4C 9C JD,7306,HIGH_CARD
5C 6C 7C 8C JD,7307,HIGH_CARD
4C 6C 7C 8C JD,7308,HIGH_CARD
3C 6C 7C 8C JD,7309,HIGH_CARD
2C 6C 7C 8C JD,7310,HIGH_CARD
4C 5C 7C 8C JD,7311,HIGH_CARD
3C 5C 7C 8C JD,7312,HIGH_CARD
2C 5C 7C 8C JD,7313,HIGH_CARD
3C 4C 7C 8C JD,7314,HIGH_CARD
2C 4C 7C 8C JD,7315,HIGH_CARD
2C 3C 7C 8C JD,7316,HIGH_CARD
4C 5C 6C 8C JD,7317,HIGH_CARD
3C 5C 6C 8C JD,7318,HIGH_CARD
2C 5C 6C 8C JD,7319,HIGH_CARD
3C 4C 6C 8C JD,7320,HIGH_CARD
2C 4C 6C 8C JD,7321,HIGH_CARD
2C 3C 6C 8C JD,7322,HIGH_CARD
3C 4C 5C 8C JD,7323,HIGH_CARD
2C 4C 5C 8C JD,7324,HIGH_CARD
2C 3C 5C 8C JD,7325,HIGH_CARD
2C 3C 4C 8C JD,7326,HIGH_CARD
4C 5C 6C 7C JD,7327,HIGH_CARD
3C 5C 6C 7C JD,7328,HIGH_CARD
2C 5C 6C 7C JD,7329,HIGH_CARD
3C 4C 6C 7C JD,7330,HIGH_CARD
2C 4C 6C 7C JD,7331,HIGH_CARD
2C 3C 6C 7C JD,7332,HIGH_CARD
3C 4C 5C 7C JD,7333,HIGH_CARD
2C 4C 5C 7C JD,7334,HIGH_CARD
2C 3C 5C 7C JD,7335,HIGH_CARD
2C 3C 4C 7C JD,7336,HIGH_CARD
3C 4C 5C 6C JD,7337,HIGH_CARD
2C 4C 5C 6C JD,7338,HIGH_CARD
2C 3C 5C 6C JD,7339,HIGH_CARD
2C 3C 4C 6C JD,7340,HIGH_CARD
2C 3C 4C 5C JD,7341,HIGH_CARD
5C 7C 8C 9C TD,7342,HIGH_CARD
4C 7C 8C 9C TD,7343,HIGH_CARD
3C 7C 8C 9C TD,7344,HIGH_CARD
2C 7C 8C 9C TD,7345,HIGH_CARD
5C 6C 8C 9C TD,7346,HIGH_CARD
4C 6C 8C 9C TD,7347,HIGH_CARD
3C 6C 8C 9C TD,7348,HIGH_CARD
2C 6C 8C 9C TD,7349,HIGH_CARD
4C 5C 8C 9C TD,7350,HIGH_CARD
3C 5C 8C 9C TD,7351,HIGH_CARD
2C 5C 8C 9C TD,7352,HIGH_CARD
3C 4C 8C 9C TD,7353,HIGH_CARD
2C 4C 8C 9C TD,7354,HIGH_CARD
2C 3C 8C 9C TD,7355,HIGH_CARD
5C 6C 7C 9C TD,7356,HIGH_CARD
4C 6C 7C 9C TD,7357,HIGH_CARD
3C 6C 7C 9C TD,7358,HIGH_CARD
2C 6C 7C 9C TD,7359,HIGH_CARD
4C 5C 7C 9C TD,7360,HIGH_CARD
3C 5C 7C 9C TD,7361,HIGH_CARD
2C 5C 7C 9C TD,7362,HIGH_CARD
3C 4C 7C 9C TD,7363,HIGH_CARD
2C 4C 7C 9C TD,7364,HIGH_CARD
2C 3C 7C 9C TD,7365,HIGH_CARD
4C 5C 6C 9C TD,7366,HIGH_CARD
3C 5C 6C 9C TD,7367,HIGH_CARD
2C 5C 6C 9C TD,7368,HIGH_CARD
3C 4C 6C 9C TD,7369,HIGH_CARD
2C 4C 6C 9C TD,7370,HIGH_CARD
2C 3C 6C 9C TD,7371,HIGH_CARD
3C 4C 5C 9C TD,7372,HIGH_CARD
2C 4C 5C 9C TD,7373,HIGH_CARD
2C 3C 5C 9C TD,7374,HIGH_CARD
2C 3C 4C 9C TD,7375,HIGH_CARD
5C 6C 7C 8C TD,7376,HIGH_CARD
4C 6C 7C 8C TD,7377,HIGH_CARD
3C 6C 7C 8C TD,7378,HIGH_CARD
2C 6C 7C 8C TD,7379,HIGH_CARD
4C 5C 7C 8C TD,7380,HIGH_CARD
3C 5C 7C 8C TD,7381,HIGH_CARD
2C 5C 7C 8C TD,7382,HIGH_CARD
3C 4C 7C 8C TD,7383,HIGH_CARD
2C 4C 7C 8C TD,7384,HIGH_CARD
2C 3C 7C 8C TD,7385,HIGH_CARD
4C 5C 6C 8C TD,7386,HIGH_CARD
3C 5C 6C 8C TD,7387,HIGH_CARD
2C 5C 6C 8C TD,7388,HIGH_CARD
3C 4C 6C 8C TD,7389,HIGH_CARD
2C 4C 6C 8C TD,7390,HIGH_CARD
2C 3C 6C 8C TD,7391,HIGH_CARD
3C 4C 5C 8C TD,7392,HIGH_CARD
2C 4C 5C 8C TD,7393,HIGH_CARD
2C 3C 5C 8C TD,7394,HIGH_CARD
2C 3C 4C 8C TD,7395,HIGH_CARD
4C 5C 6C 7C TD,7396,HIGH_CARD
3C 5C 6C 7C TD,7397,HIGH_CARD
2C 5C 6C 7C TD,7398,HIGH_CARD
3C 4C 6C 7C TD,7399,HIGH_CARD
2C 4C 6C 7C TD,7400,HIGH_CARD
2C 3C 6C 7C TD,7401,HIGH_CARD
3C 4C 5C 7C TD,7402,HIGH_CARD
2C 4C 5C 7C TD,7403,HIGH_CARD
2C 3C 5C 7C TD,7404,HIGH_CARD
2C 3C 4C 7C TD,7405,HIGH_CARD
3C 4C 5C 6C TD,7406,HIGH_CARD
2C 4C 5C 6C TD,7407,HIGH_CARD
2C 3C 5C 6C TD,7408,HIGH_CARD
2C 3C 4C 6C TD,7409,HIGH_CARD
2C 3C 4C 5C TD,7410,HIGH_CARD
4C 6C 7C 8C 9D,7411,HIGH_CARD
3C 6C 7C 8C 9D,7412,HIGH_CARD
2C 6C 7C 8C 9D,7413,HIGH_CARD
4C 5C 7C 8C 9D,7414,HIGH_CARD
3C 5C 7C 8C 9D,7415,HIGH_CARD
2C 5C 7C 8C 9D,7416,HIGH_CARD
3C 4C 7C 8C 9D,7417,HIGH_CARD
2C 4C 7C 8C 9D,7418,HIGH_CARD
2C 3C 7C 8C 9D,7419,HIGH_CARD
4C 5C 6C 8C 9D,7420,HIGH_CARD
3C 5C 6C 8C 9D,7421,HIGH_CARD
2C 5C 6C 8C 9D,7422,HIGH_CARD
3C 4C 6C 8C 9D,7423,HIGH_CARD
2C 4C 6C 8C 9D,7424,HIGH_CARD
2C 3C 6C 8C 9D,7425,HIGH_CARD
3C 4C 5C 8C 9D,7426,HIGH_CARD
2C 4C 5C 8C 9D,7427,HIGH_CARD
2C 3C 5C 8C 9D,7428,HIGH_CARD
2C 3C 4C 8C 9D,7429,HIGH_CARD
4C 5C 6C 7C 9D,7430,HIGH_CARD
3C 5C 6C 7C 9D,7431,HIGH_CARD
2C 5C 6C 7C 9D,7432,HIGH_CARD
3C 4C 6C 7C 9D,7433,HIGH_CARD
2C 4C 6C 7C 9D,7434,HIGH_CARD
2C 3C 6C 7C 9D,7435,HIGH_CARD
3C 4C 5C 7C 9D,7436,HIGH_CARD
2C 4C 5C 7C 9D,7437,HIGH_CARD
2C 3C 5C 7C 9D,7438,HIGH_CARD
2C 3C 4C 7C 9D,7439,HIGH_CARD
3C 4C 5C 6C 9D,7440,HIGH_CARD
2C 4C 5C 6C 9D,7441,HIGH_CARD
2C 3C 5C 6C 9D,7442,HIGH_CARD
2C 3C 4C 6C 9D,7443,HIGH_CARD
2C 3C 4C 5C 9D,7444,HIGH_CARD
3C 5C 6C 7C 8D,7445,HIGH_CARD
2C 5C 6C 7C 8D,7446,HIGH_CARD
3C 4C 6C 7C 8D,7447,HIGH_CARD
2C 4C 6C 7C 8D,7448,HIGH_CARD
2C 3C 6C 7C 8D,7449,HIGH_CARD
3C 4C 5C 7C 8D,7450,HIGH_CARD
2C 4C 5C 7C 8D,7451,HIGH_CARD
2C 3C 5C 7C 8D,7452,HIGH_CARD
2C 3C 4C 7C 8D,7453,HIGH_CARD
3C 4C 5C 6C 8D,7454,HIGH_CARD
2C 4C 5C 6C 8D,7455,HIGH_CARD
2C 3C 5C 6C 8D,7456,HIGH_CARD
2C 3C 4C 6C 8D,7457,HIGH_CARD
2C 3C 4C 5C 8D,7458,HIGH_CARD
2C 4C 5C 6C 7D,7459,HIGH_CARD
2C 3C 5C 6C 7D,7460,HIGH_CARD
2C 3C 4C 6C 7D,7461,HIGH_CARD
2C 3C 4C 5C 7D,7462,HIGH_CARD
